,unique_key,dhn_id,mae,cluster
0,101_102_112_113_114_125_126_127_128_134_135_136_138_139_143_145_146_147_dhn_122,122,0.0716014642849316,"[101, 102, 112, 113, 114, 125, 126, 127, 128, 134, 135, 136, 138, 139, 143, 145, 146, 147]"
1,101_102_112_113_114_128_134_135_139_146_147_dhn_122,122,0.0921141188040804,"[101, 102, 112, 113, 114, 128, 134, 135, 139, 146, 147]"
2,101_102_113_134_139_146_147_dhn_122,122,0.0919793239232131,"[101, 102, 113, 134, 139, 146, 147]"
3,101_102_139_146_147_dhn_122,122,0.0608090683480581,"[101, 102, 139, 146, 147]"
4,101_139_dhn_122,122,0.0628097764648509,"[101, 139]"
5,102_146_147_dhn_122,122,0.083153404641699,"[102, 146, 147]"
6,103_104_105_110_111_dhn_122,122,0.0604840454721836,"[103, 104, 105, 110, 111]"
7,103_104_105_dhn_122,122,0.0695763762619521,"[103, 104, 105]"
8,106_107_115_116_117_118_119_123_124_129_132_133_137_140_141_142_dhn_122,122,0.0352448866082333,"[106, 107, 115, 116, 117, 118, 119, 123, 124, 129, 132, 133, 137, 140, 141, 142]"
9,106_107_dhn_137,137,0.1947416312279471,"[106, 107]"
10,106_123_124_dhn_122,122,0.0603431526658187,"[106, 123, 124]"
11,109_120_121_122_dhn_122,122,0.0333814108988911,"[109, 120, 121, 122]"
12,10_11_12_13_14_17_31_32_33_34_35_36_37_38_39_40_41_42_43_44_45_46_47_48_49_50_51_52_53_54_55_56_57_58_59_60_dhn_109,109,0.1331222806399181,"[10, 11, 12, 13, 14, 17, 31, 32, 33, 34, 35, 36, 37, 38, 39, 40, 41, 42, 43, 44, 45, 46, 47, 48, 49, 50, 51, 52, 53, 54, 55, 56, 57, 58, 59, 60]"
13,10_11_12_13_14_17_31_32_33_58_dhn_109,109,0.1109846795641783,"[10, 11, 12, 13, 14, 17, 31, 32, 33, 58]"
14,10_11_14_17_31_32_33_58_dhn_109,109,0.0993808144410409,"[10, 11, 14, 17, 31, 32, 33, 58]"
15,10_11_14_17_dhn_109,109,0.0527329754154908,"[10, 11, 14, 17]"
16,10_11_dhn_109,109,0.0374233307062763,"[10, 11]"
17,10_11_dhn_137,137,3.7443241770468014,"[10, 11]"
18,10_27_28_37_43_56_57_58_dhn_3,3,0.0120879575485521,"[10, 27, 28, 37, 43, 56, 57, 58]"
19,10_27_28_37_56_dhn_3,3,0.090334082077589,"[10, 27, 28, 37, 56]"
20,10_27_28_37_dhn_3,3,0.0859011748794397,"[10, 27, 28, 37]"
21,10_37_dhn_3,3,0.0787862662176583,"[10, 37]"
22,10_48_dhn_122,122,0.029473940575936,"[10, 48]"
23,10_77_78_81_dhn_4,4,0.0497114332429663,"[10, 77, 78, 81]"
24,10_77_81_dhn_4,4,0.2586932360576475,"[10, 77, 81]"
25,10_81_dhn_4,4,0.193002552962895,"[10, 81]"
26,110_111_dhn_122,122,0.0291073639818373,"[110, 111]"
27,114_115_116_121_144_145_161_162_163_167_dhn_137,137,0.1115874904027579,"[114, 115, 116, 121, 144, 145, 161, 162, 163, 167]"
28,114_115_116_121_163_167_dhn_137,137,0.0945273145537166,"[114, 115, 116, 121, 163, 167]"
29,114_115_116_121_dhn_137,137,0.0460766443442531,"[114, 115, 116, 121]"
30,114_128_135_dhn_122,122,0.0626928448562918,"[114, 128, 135]"
31,115_116_117_118_119_129_132_133_137_140_141_142_dhn_122,122,0.0580904854860976,"[115, 116, 117, 118, 119, 129, 132, 133, 137, 140, 141, 142]"
32,115_117_dhn_122,122,0.0393194329452817,"[115, 117]"
33,116_132_133_137_dhn_122,122,0.0787887754886941,"[116, 132, 133, 137]"
34,117_118_152_159_dhn_137,137,0.0241789949001103,"[117, 118, 152, 159]"
35,118_119_129_dhn_122,122,0.0669251125026832,"[118, 119, 129]"
36,118_152_dhn_137,137,0.0317136119538621,"[118, 152]"
37,119_120_125_126_127_128_129_130_137_138_139_140_141_142_143_146_147_150_151_153_165_166_169_dhn_137,137,0.0832465473134788,"[119, 120, 125, 126, 127, 128, 129, 130, 137, 138, 139, 140, 141, 142, 143, 146, 147, 150, 151, 153, 165, 166, 169]"
38,119_120_125_126_127_128_129_130_137_138_139_140_141_142_143_147_151_153_165_166_169_dhn_137,137,0.0657191042422555,"[119, 120, 125, 126, 127, 128, 129, 130, 137, 138, 139, 140, 141, 142, 143, 147, 151, 153, 165, 166, 169]"
39,119_120_125_126_127_128_129_130_142_143_147_151_153_dhn_137,137,0.1466534419697642,"[119, 120, 125, 126, 127, 128, 129, 130, 142, 143, 147, 151, 153]"
40,119_120_125_126_127_128_129_130_142_143_147_151_dhn_137,137,0.1226036777115214,"[119, 120, 125, 126, 127, 128, 129, 130, 142, 143, 147, 151]"
41,119_120_125_127_142_143_147_dhn_137,137,0.0881334686386822,"[119, 120, 125, 127, 142, 143, 147]"
42,119_120_125_127_dhn_137,137,0.0536932080251216,"[119, 120, 125, 127]"
43,11_12_13_20_21_22_29_46_dhn_3,3,0.0452567977953818,"[11, 12, 13, 20, 21, 22, 29, 46]"
44,11_12_13_20_21_22_dhn_3,3,0.0276423185458265,"[11, 12, 13, 20, 21, 22]"
45,11_12_13_20_21_29_46_dhn_3,3,0.1536953475226513,"[11, 12, 13, 20, 21, 29, 46]"
46,11_12_13_20_21_dhn_3,3,0.2059418833994352,"[11, 12, 13, 20, 21]"
47,11_12_dhn_111,111,0.0838069609423662,"[11, 12]"
48,11_12_dhn_3,3,0.0462201414065975,"[11, 12]"
49,11_13_20_21_dhn_3,3,0.1727658480823857,"[11, 13, 20, 21]"
50,11_15_16_19_dhn_105,105,0.1089014843500953,"[11, 15, 16, 19]"
51,11_15_dhn_105,105,0.1122634055925919,"[11, 15]"
52,11_29_46_52_54_55_dhn_3,3,0.0686242093817368,"[11, 29, 46, 52, 54, 55]"
53,11_29_46_52_dhn_3,3,1.5992182251287992,"[11, 29, 46, 52]"
54,11_60_dhn_4,4,0.0040566404109522,"[11, 60]"
55,120_121_122_dhn_122,122,0.1638212616453334,"[120, 121, 122]"
56,122_123_133_134_dhn_137,137,0.0268108623329174,"[122, 123, 133, 134]"
57,122_123_dhn_137,137,0.0240519260743021,"[122, 123]"
58,124_148_149_164_dhn_137,137,0.0332547769534431,"[124, 148, 149, 164]"
59,125_126_127_136_143_145_dhn_122,122,0.0932672750772587,"[125, 126, 127, 136, 143, 145]"
60,125_126_127_143_dhn_122,122,0.1176073976482052,"[125, 126, 127, 143]"
61,125_126_127_dhn_122,122,0.1152628598988001,"[125, 126, 127]"
62,126_128_129_130_151_dhn_137,137,0.057714479004807,"[126, 128, 129, 130, 151]"
63,12_13_14_30_dhn_137,137,0.0213263718938323,"[12, 13, 14, 30]"
64,12_13_17_18_19_dhn_2,2,0.057753243686962,"[12, 13, 17, 18, 19]"
65,12_13_18_19_dhn_2,2,0.3512706583773943,"[12, 13, 18, 19]"
66,12_13_dhn_109,109,0.0459095068816453,"[12, 13]"
67,12_13_dhn_2,2,0.1238564107372912,"[12, 13]"
68,12_14_dhn_137,137,0.0444249250170378,"[12, 14]"
69,12_18_19_20_30_36_37_39_40_47_48_60_69_dhn_1,1,0.2338829011591664,"[12, 18, 19, 20, 30, 36, 37, 39, 40, 47, 48, 60, 69]"
70,12_18_dhn_2,2,3.634612032628511,"[12, 18]"
71,131_132_dhn_137,137,0.0248832049932906,"[131, 132]"
72,131_144_dhn_122,122,0.0514247193907865,"[131, 144]"
73,133_134_dhn_137,137,0.0222778627353839,"[133, 134]"
74,135_136_154_dhn_137,137,0.0960759709724814,"[135, 136, 154]"
75,136_145_dhn_122,122,0.041311978633629,"[136, 145]"
76,137_138_139_140_141_169_dhn_137,137,0.0948635679216362,"[137, 138, 139, 140, 141, 169]"
77,13_14_15_23_24_25_28_29_34_41_51_52_53_54_55_dhn_1,1,0.0723878928966157,"[13, 14, 15, 23, 24, 25, 28, 29, 34, 41, 51, 52, 53, 54, 55]"
78,13_14_15_23_24_25_28_29_51_52_53_54_dhn_1,1,0.064715612251963,"[13, 14, 15, 23, 24, 25, 28, 29, 51, 52, 53, 54]"
79,13_14_15_23_24_25_34_43_51_52_54_55_58_59_65_dhn_1,1,0.0306908605699972,"[13, 14, 15, 23, 24, 25, 34, 43, 51, 52, 54, 55, 58, 59, 65]"
80,13_14_15_23_24_25_43_51_52_54_58_59_65_dhn_1,1,0.0249311857068845,"[13, 14, 15, 23, 24, 25, 43, 51, 52, 54, 58, 59, 65]"
81,13_14_15_23_24_25_43_51_52_58_59_65_dhn_1,1,0.0190289918918495,"[13, 14, 15, 23, 24, 25, 43, 51, 52, 58, 59, 65]"
82,13_14_15_23_24_25_51_52_dhn_1,1,0.0751934076426881,"[13, 14, 15, 23, 24, 25, 51, 52]"
83,13_14_15_23_24_34_51_52_54_55_dhn_1,1,0.0524571304539725,"[13, 14, 15, 23, 24, 34, 51, 52, 54, 55]"
84,13_14_15_23_24_51_52_dhn_1,1,0.059679108336157,"[13, 14, 15, 23, 24, 51, 52]"
85,13_14_15_23_28_29_41_51_52_53_54_dhn_1,1,0.0551772991561872,"[13, 14, 15, 23, 28, 29, 41, 51, 52, 53, 54]"
86,13_14_15_23_51_dhn_1,1,0.032358587341955,"[13, 14, 15, 23, 51]"
87,13_14_15_24_25_34_43_51_52_54_55_58_59_65_dhn_1,1,0.1023667664252658,"[13, 14, 15, 24, 25, 34, 43, 51, 52, 54, 55, 58, 59, 65]"
88,13_14_15_24_25_34_43_51_52_54_55_58_65_dhn_1,1,0.1048241549639858,"[13, 14, 15, 24, 25, 34, 43, 51, 52, 54, 55, 58, 65]"
89,13_14_15_24_25_43_51_52_58_65_dhn_1,1,0.1220773507265251,"[13, 14, 15, 24, 25, 43, 51, 52, 58, 65]"
90,13_14_15_24_34_51_52_54_55_dhn_1,1,0.1112624590820795,"[13, 14, 15, 24, 34, 51, 52, 54, 55]"
91,13_14_15_24_51_52_54_55_dhn_1,1,0.1075422908077767,"[13, 14, 15, 24, 51, 52, 54, 55]"
92,13_14_15_24_51_52_dhn_1,1,0.1253970284252556,"[13, 14, 15, 24, 51, 52]"
93,13_14_15_51_dhn_1,1,0.1034303771504944,"[13, 14, 15, 51]"
94,13_14_27_28_29_41_42_54_dhn_1,1,0.0868089295570093,"[13, 14, 27, 28, 29, 41, 42, 54]"
95,13_14_51_dhn_1,1,0.0628405889224028,"[13, 14, 51]"
96,13_14_dhn_1,1,0.0540598625464625,"[13, 14]"
97,13_15_23_29_53_54_55_dhn_1,1,0.0300798004274737,"[13, 15, 23, 29, 53, 54, 55]"
98,13_15_23_dhn_1,1,0.0269752577907552,"[13, 15, 23]"
99,13_15_dhn_1,1,0.1017826263480384,"[13, 15]"
100,13_20_21_22_dhn_3,3,0.0270748294991588,"[13, 20, 21, 22]"
101,13_20_21_dhn_3,3,0.2077061002593728,"[13, 20, 21]"
102,13_30_dhn_137,137,0.0252873995889012,"[13, 30]"
103,13_56_70_dhn_4,4,0.0234451855775864,"[13, 56, 70]"
104,13_70_dhn_4,4,0.0179584342753459,"[13, 70]"
105,140_141_142_dhn_122,122,0.0468612919734935,"[140, 141, 142]"
106,142_143_147_dhn_137,137,0.0453472200258782,"[142, 143, 147]"
107,144_145_161_162_dhn_137,137,0.0335299752535321,"[144, 145, 161, 162]"
108,146_150_dhn_137,137,0.0278800830081792,"[146, 150]"
109,14_15_16_19_20_21_27_28_34_35_41_42_46_47_57_58_62_63_64_65_85_89_90_91_dhn_4,4,0.0321622863547835,"[14, 15, 16, 19, 20, 21, 27, 28, 34, 35, 41, 42, 46, 47, 57, 58, 62, 63, 64, 65, 85, 89, 90, 91]"
110,14_15_16_19_20_21_27_28_34_35_46_47_57_58_62_63_64_65_85_89_90_91_dhn_4,4,0.0642668087484602,"[14, 15, 16, 19, 20, 21, 27, 28, 34, 35, 46, 47, 57, 58, 62, 63, 64, 65, 85, 89, 90, 91]"
111,14_15_16_19_20_21_27_28_34_35_46_47_57_58_62_64_65_85_89_90_91_dhn_4,4,0.1021931270208975,"[14, 15, 16, 19, 20, 21, 27, 28, 34, 35, 46, 47, 57, 58, 62, 64, 65, 85, 89, 90, 91]"
112,14_15_16_19_20_21_27_28_34_35_46_47_57_58_62_64_65_90_91_dhn_4,4,0.134640035409807,"[14, 15, 16, 19, 20, 21, 27, 28, 34, 35, 46, 47, 57, 58, 62, 64, 65, 90, 91]"
113,14_15_16_19_20_21_27_28_34_35_46_47_57_62_63_64_65_90_91_dhn_4,4,0.0411340283318989,"[14, 15, 16, 19, 20, 21, 27, 28, 34, 35, 46, 47, 57, 62, 63, 64, 65, 90, 91]"
114,14_15_16_19_20_21_27_28_34_35_46_47_57_62_63_64_90_91_dhn_4,4,0.0612973524521822,"[14, 15, 16, 19, 20, 21, 27, 28, 34, 35, 46, 47, 57, 62, 63, 64, 90, 91]"
115,14_15_16_19_20_21_27_28_34_35_46_47_57_62_64_65_90_91_dhn_4,4,0.0796601317723502,"[14, 15, 16, 19, 20, 21, 27, 28, 34, 35, 46, 47, 57, 62, 64, 65, 90, 91]"
116,14_15_16_19_20_21_27_28_34_35_46_47_57_62_64_90_91_dhn_4,4,0.0886035071783089,"[14, 15, 16, 19, 20, 21, 27, 28, 34, 35, 46, 47, 57, 62, 64, 90, 91]"
117,14_15_16_19_20_21_27_28_46_47_62_63_64_90_91_dhn_4,4,0.0341598039338137,"[14, 15, 16, 19, 20, 21, 27, 28, 46, 47, 62, 63, 64, 90, 91]"
118,14_15_16_19_20_21_27_28_46_47_62_64_90_91_dhn_4,4,0.0756438345827992,"[14, 15, 16, 19, 20, 21, 27, 28, 46, 47, 62, 64, 90, 91]"
119,14_15_16_19_21_34_35_46_47_57_62_64_65_dhn_4,4,0.0766255922316882,"[14, 15, 16, 19, 21, 34, 35, 46, 47, 57, 62, 64, 65]"
120,14_15_16_19_21_34_35_46_47_57_62_64_dhn_4,4,0.0835388422858083,"[14, 15, 16, 19, 21, 34, 35, 46, 47, 57, 62, 64]"
121,14_15_16_19_21_46_47_62_64_dhn_4,4,0.0741701563431017,"[14, 15, 16, 19, 21, 46, 47, 62, 64]"
122,14_15_16_19_46_47_dhn_4,4,0.0228873795225578,"[14, 15, 16, 19, 46, 47]"
123,14_15_16_45_47_48_60_61_dhn_3,3,0.0162604061246747,"[14, 15, 16, 45, 47, 48, 60, 61]"
124,14_15_16_46_47_62_63_64_dhn_4,4,0.0182616447390822,"[14, 15, 16, 46, 47, 62, 63, 64]"
125,14_15_16_46_47_62_64_dhn_4,4,0.0772708931474649,"[14, 15, 16, 46, 47, 62, 64]"
126,14_15_16_46_62_63_64_dhn_4,4,0.0252832363162927,"[14, 15, 16, 46, 62, 63, 64]"
127,14_15_16_46_dhn_4,4,0.0188161190498549,"[14, 15, 16, 46]"
128,14_15_16_47_48_60_61_dhn_3,3,0.0158975041998891,"[14, 15, 16, 47, 48, 60, 61]"
129,14_15_16_47_dhn_3,3,0.0681075287892208,"[14, 15, 16, 47]"
130,14_15_16_60_dhn_3,3,0.1709682780614215,"[14, 15, 16, 60]"
131,14_15_16_62_63_64_dhn_4,4,0.0233463584633577,"[14, 15, 16, 62, 63, 64]"
132,14_15_16_62_64_dhn_4,4,0.0670540008008073,"[14, 15, 16, 62, 64]"
133,14_15_16_62_dhn_4,4,0.0661436554347664,"[14, 15, 16, 62]"
134,14_15_16_dhn_4,4,0.0145079715661477,"[14, 15, 16]"
135,14_15_19_20_27_28_46_47_62_90_dhn_4,4,0.0735491318364007,"[14, 15, 19, 20, 27, 28, 46, 47, 62, 90]"
136,14_15_19_20_27_28_46_47_dhn_4,4,0.7665155977328078,"[14, 15, 19, 20, 27, 28, 46, 47]"
137,14_15_19_21_46_47_57_58_85_89_dhn_4,4,0.0631273399674922,"[14, 15, 19, 21, 46, 47, 57, 58, 85, 89]"
138,14_15_19_46_47_62_64_dhn_4,4,0.098997078274211,"[14, 15, 19, 46, 47, 62, 64]"
139,14_15_26_30_41_42_44_45_dhn_3,3,0.1195258476407503,"[14, 15, 26, 30, 41, 42, 44, 45]"
140,14_15_26_41_42_44_45_49_60_dhn_3,3,0.0827492921150133,"[14, 15, 26, 41, 42, 44, 45, 49, 60]"
141,14_15_26_42_44_45_dhn_3,3,0.078084284554406,"[14, 15, 26, 42, 44, 45]"
142,14_15_38_39_44_45_61_dhn_3,3,0.0689654156890493,"[14, 15, 38, 39, 44, 45, 61]"
143,14_15_38_39_44_45_dhn_3,3,0.0729522875233749,"[14, 15, 38, 39, 44, 45]"
144,14_15_42_44_45_60_dhn_3,3,0.0707207736186151,"[14, 15, 42, 44, 45, 60]"
145,14_15_45_60_61_dhn_3,3,0.0749619187912035,"[14, 15, 45, 60, 61]"
146,14_15_45_60_dhn_3,3,0.0642835666009712,"[14, 15, 45, 60]"
147,14_15_45_dhn_3,3,0.0641070353294828,"[14, 15, 45]"
148,14_15_46_47_62_63_64_dhn_4,4,0.0701659516379118,"[14, 15, 46, 47, 62, 63, 64]"
149,14_15_46_47_62_63_dhn_4,4,0.0452176636306117,"[14, 15, 46, 47, 62, 63]"
150,14_15_61_dhn_3,3,0.0639852042838504,"[14, 15, 61]"
151,14_15_62_63_dhn_4,4,0.0605297542996163,"[14, 15, 62, 63]"
152,14_15_dhn_4,4,0.0572841924334434,"[14, 15]"
153,14_16_38_39_44_45_dhn_3,3,0.1607210266119596,"[14, 16, 38, 39, 44, 45]"
154,14_16_47_dhn_3,3,0.0839065613676146,"[14, 16, 47]"
155,14_16_dhn_4,4,0.0135946657424444,"[14, 16]"
156,14_17_dhn_109,109,0.0587157410461965,"[14, 17]"
157,14_17_dhn_111,111,0.1189446817189755,"[14, 17]"
158,14_18_dhn_105,105,0.0777259792432406,"[14, 18]"
159,14_24_25_43_51_52_58_59_65_dhn_1,1,0.0165605357438052,"[14, 24, 25, 43, 51, 52, 58, 59, 65]"
160,14_24_25_43_51_52_58_65_dhn_1,1,0.0548084498894534,"[14, 24, 25, 43, 51, 52, 58, 65]"
161,14_24_25_43_52_65_dhn_1,1,0.0772135170272347,"[14, 24, 25, 43, 52, 65]"
162,14_24_25_51_52_dhn_1,1,0.0696943619686789,"[14, 24, 25, 51, 52]"
163,14_24_25_52_dhn_1,1,0.0581598099044395,"[14, 24, 25, 52]"
164,14_24_51_52_dhn_1,1,0.0579482739857244,"[14, 24, 51, 52]"
165,14_26_27_34_35_36_49_dhn_122,122,0.0408380006175665,"[14, 26, 27, 34, 35, 36, 49]"
166,14_45_dhn_3,3,0.0891148758601597,"[14, 45]"
167,14_47_62_64_dhn_4,4,0.083239813186945,"[14, 47, 62, 64]"
168,14_49_dhn_122,122,0.1341179273129538,"[14, 49]"
169,14_51_dhn_1,1,0.0311177614472315,"[14, 51]"
170,155_156_dhn_137,137,0.0720021991423082,"[155, 156]"
171,157_158_160_168_dhn_137,137,0.0501480421520321,"[157, 158, 160, 168]"
172,15_16_18_19_37_38_39_40_41_42_43_44_45_46_47_52_dhn_137,137,0.0326963239161604,"[15, 16, 18, 19, 37, 38, 39, 40, 41, 42, 43, 44, 45, 46, 47, 52]"
173,15_16_18_19_37_38_39_40_42_43_44_45_52_dhn_137,137,0.0469655763289444,"[15, 16, 18, 19, 37, 38, 39, 40, 42, 43, 44, 45, 52]"
174,15_16_18_19_37_38_39_43_44_45_52_dhn_137,137,0.0449137941702577,"[15, 16, 18, 19, 37, 38, 39, 43, 44, 45, 52]"
175,15_16_18_19_39_43_52_dhn_137,137,0.0909566759895825,"[15, 16, 18, 19, 39, 43, 52]"
176,15_16_18_19_39_43_dhn_137,137,0.0274695088683066,"[15, 16, 18, 19, 39, 43]"
177,15_16_30_dhn_122,122,0.0299049577222182,"[15, 16, 30]"
178,15_16_dhn_111,111,0.0400877346109639,"[15, 16]"
179,15_16_dhn_122,122,0.0932701118561967,"[15, 16]"
180,15_19_20_27_28_46_47_62_63_64_90_91_dhn_4,4,0.0163946970056616,"[15, 19, 20, 27, 28, 46, 47, 62, 63, 64, 90, 91]"
181,15_23_dhn_1,1,0.0320810029348731,"[15, 23]"
182,15_43_dhn_137,137,0.0439872425754358,"[15, 43]"
183,15_46_47_62_63_64_dhn_4,4,0.0143167156528997,"[15, 46, 47, 62, 63, 64]"
184,15_46_dhn_4,4,0.0152491129162639,"[15, 46]"
185,15_60_61_dhn_3,3,0.0067329149822803,"[15, 60, 61]"
186,15_60_dhn_3,3,0.0220774185787992,"[15, 60]"
187,163_167_dhn_137,137,0.0600375082242935,"[163, 167]"
188,165_166_dhn_137,137,0.0409177254440148,"[165, 166]"
189,16_18_dhn_109,109,0.0667036965548005,"[16, 18]"
190,16_19_dhn_105,105,0.1158848398677783,"[16, 19]"
191,16_47_48_dhn_3,3,0.0353243652096011,"[16, 47, 48]"
192,16_47_dhn_3,3,0.0669789133513541,"[16, 47]"
193,16_48_dhn_3,3,0.2346861295800726,"[16, 48]"
194,17_18_19_20_21_30_31_32_33_36_37_38_39_40_44_47_48_49_60_62_66_67_68_69_70_71_dhn_1,1,0.156027924843952,"[17, 18, 19, 20, 21, 30, 31, 32, 33, 36, 37, 38, 39, 40, 44, 47, 48, 49, 60, 62, 66, 67, 68, 69, 70, 71]"
195,17_18_19_20_21_30_36_37_38_39_40_44_47_48_49_60_62_66_69_70_dhn_1,1,0.1374991927755154,"[17, 18, 19, 20, 21, 30, 36, 37, 38, 39, 40, 44, 47, 48, 49, 60, 62, 66, 69, 70]"
196,17_18_19_20_21_30_36_37_38_39_40_44_47_48_49_60_66_69_70_dhn_1,1,0.1404716499863149,"[17, 18, 19, 20, 21, 30, 36, 37, 38, 39, 40, 44, 47, 48, 49, 60, 66, 69, 70]"
197,17_18_19_33_34_40_59_dhn_3,3,0.0184573311800857,"[17, 18, 19, 33, 34, 40, 59]"
198,17_18_19_33_34_40_dhn_3,3,0.0456013854004982,"[17, 18, 19, 33, 34, 40]"
199,17_18_19_33_34_dhn_3,3,0.0794967305155483,"[17, 18, 19, 33, 34]"
200,17_18_19_40_dhn_3,3,0.0232101566538088,"[17, 18, 19, 40]"
201,17_18_19_dhn_2,2,0.0573699171527648,"[17, 18, 19]"
202,17_18_22_23_25_26_32_43_44_45_53_73_87_88_dhn_4,4,0.1923187321684981,"[17, 18, 22, 23, 25, 26, 32, 43, 44, 45, 53, 73, 87, 88]"
203,17_18_22_23_25_26_32_43_44_53_73_87_88_dhn_4,4,0.1899176967902933,"[17, 18, 22, 23, 25, 26, 32, 43, 44, 53, 73, 87, 88]"
204,17_18_22_23_25_26_32_43_44_53_73_88_dhn_4,4,0.292351462758713,"[17, 18, 22, 23, 25, 26, 32, 43, 44, 53, 73, 88]"
205,17_18_22_23_25_26_32_43_45_53_73_87_88_dhn_4,4,0.878839995027456,"[17, 18, 22, 23, 25, 26, 32, 43, 45, 53, 73, 87, 88]"
206,17_18_22_23_25_26_32_43_53_73_87_88_dhn_4,4,0.1800098976259819,"[17, 18, 22, 23, 25, 26, 32, 43, 53, 73, 87, 88]"
207,17_18_22_23_25_32_43_45_53_73_87_88_dhn_4,4,0.1869735668657741,"[17, 18, 22, 23, 25, 32, 43, 45, 53, 73, 87, 88]"
208,17_18_22_23_43_45_53_73_74_75_82_87_88_dhn_4,4,0.2059913595956836,"[17, 18, 22, 23, 43, 45, 53, 73, 74, 75, 82, 87, 88]"
209,17_18_22_23_43_45_53_73_74_76_82_87_88_dhn_4,4,0.2226361782147493,"[17, 18, 22, 23, 43, 45, 53, 73, 74, 76, 82, 87, 88]"
210,17_18_22_36_38_44_62_dhn_1,1,0.1176889792049886,"[17, 18, 22, 36, 38, 44, 62]"
211,17_18_31_32_33_36_37_38_39_40_44_47_48_49_62_67_68_71_dhn_1,1,0.0643575614369684,"[17, 18, 31, 32, 33, 36, 37, 38, 39, 40, 44, 47, 48, 49, 62, 67, 68, 71]"
212,17_18_31_32_33_36_37_38_40_44_62_67_68_71_dhn_1,1,0.0532632149976963,"[17, 18, 31, 32, 33, 36, 37, 38, 40, 44, 62, 67, 68, 71]"
213,17_18_31_36_37_40_dhn_1,1,0.0613602765459642,"[17, 18, 31, 36, 37, 40]"
214,17_18_36_37_38_39_40_44_47_48_49_62_dhn_1,1,0.0610682235457948,"[17, 18, 36, 37, 38, 39, 40, 44, 47, 48, 49, 62]"
215,17_18_36_37_38_39_40_44_47_48_49_dhn_1,1,0.0824926453150255,"[17, 18, 36, 37, 38, 39, 40, 44, 47, 48, 49]"
216,17_18_36_37_38_40_44_62_dhn_1,1,0.0525974228600815,"[17, 18, 36, 37, 38, 40, 44, 62]"
217,17_18_36_37_38_40_44_dhn_1,1,0.0745632635069182,"[17, 18, 36, 37, 38, 40, 44]"
218,17_18_36_37_38_44_62_dhn_1,1,0.0758028962161066,"[17, 18, 36, 37, 38, 44, 62]"
219,17_18_36_37_38_44_dhn_1,1,0.107307568679839,"[17, 18, 36, 37, 38, 44]"
220,17_18_36_38_44_62_dhn_1,1,0.0743083421788628,"[17, 18, 36, 38, 44, 62]"
221,17_18_36_38_44_dhn_1,1,0.1055379494417986,"[17, 18, 36, 38, 44]"
222,17_18_43_53_54_87_dhn_4,4,0.1667515718992542,"[17, 18, 43, 53, 54, 87]"
223,17_18_43_53_dhn_4,4,0.394624666653174,"[17, 18, 43, 53]"
224,17_18_dhn_2,2,0.0928429195370802,"[17, 18]"
225,17_18_dhn_3,3,0.0725675717797688,"[17, 18]"
226,17_19_33_34_59_dhn_3,3,0.1391517862372343,"[17, 19, 33, 34, 59]"
227,17_19_33_dhn_3,3,0.1610321656606553,"[17, 19, 33]"
228,17_19_dhn_3,3,0.1519596320869131,"[17, 19]"
229,17_33_dhn_3,3,0.1450374595425398,"[17, 33]"
230,18_19_22_23_24_25_26_dhn_111,111,0.0870026187548903,"[18, 19, 22, 23, 24, 25, 26]"
231,18_19_39_dhn_137,137,0.0529469790705538,"[18, 19, 39]"
232,18_22_23_24_dhn_111,111,0.1510678222233729,"[18, 22, 23, 24]"
233,18_24_dhn_111,111,0.1296784818474951,"[18, 24]"
234,18_36_38_44_62_dhn_1,1,0.049238127446231,"[18, 36, 38, 44, 62]"
235,18_40_dhn_3,3,0.0269088118091459,"[18, 40]"
236,19_20_21_22_23_24_25_38_39_40_41_dhn_122,122,0.063497566845735,"[19, 20, 21, 22, 23, 24, 25, 38, 39, 40, 41]"
237,19_20_21_27_28_34_35_41_42_57_58_65_85_89_90_91_dhn_4,4,0.0369439939769946,"[19, 20, 21, 27, 28, 34, 35, 41, 42, 57, 58, 65, 85, 89, 90, 91]"
238,19_20_21_27_28_34_35_46_47_57_58_65_85_89_90_91_dhn_4,4,0.0556668107497049,"[19, 20, 21, 27, 28, 34, 35, 46, 47, 57, 58, 65, 85, 89, 90, 91]"
239,19_20_21_27_28_34_35_46_47_57_58_65_90_91_dhn_4,4,0.0976251358363847,"[19, 20, 21, 27, 28, 34, 35, 46, 47, 57, 58, 65, 90, 91]"
240,19_20_21_27_28_34_35_57_58_65_85_89_90_91_dhn_4,4,0.06513832857514,"[19, 20, 21, 27, 28, 34, 35, 57, 58, 65, 85, 89, 90, 91]"
241,19_20_21_27_28_34_35_57_58_65_90_91_dhn_4,4,0.1137707858869423,"[19, 20, 21, 27, 28, 34, 35, 57, 58, 65, 90, 91]"
242,19_20_21_27_28_34_35_57_65_90_91_dhn_4,4,0.0415114541278456,"[19, 20, 21, 27, 28, 34, 35, 57, 65, 90, 91]"
243,19_20_21_27_28_34_35_57_90_dhn_4,4,0.0599251826521824,"[19, 20, 21, 27, 28, 34, 35, 57, 90]"
244,19_20_21_27_28_46_47_62_63_64_90_91_dhn_4,4,0.0331047375936694,"[19, 20, 21, 27, 28, 46, 47, 62, 63, 64, 90, 91]"
245,19_20_21_27_28_57_58_85_89_dhn_4,4,0.1472893524072655,"[19, 20, 21, 27, 28, 57, 58, 85, 89]"
246,19_20_21_27_28_90_91_dhn_4,4,0.0326278020142837,"[19, 20, 21, 27, 28, 90, 91]"
247,19_20_21_30_60_66_69_70_dhn_1,1,0.2227809962819914,"[19, 20, 21, 30, 60, 66, 69, 70]"
248,19_20_21_60_69_70_dhn_1,1,0.1273021667519573,"[19, 20, 21, 60, 69, 70]"
249,19_20_21_69_70_dhn_1,1,0.0792278129511552,"[19, 20, 21, 69, 70]"
250,19_20_21_69_dhn_1,1,0.1787889972463957,"[19, 20, 21, 69]"
251,19_20_21_dhn_1,1,0.0782089651305776,"[19, 20, 21]"
252,19_20_23_25_40_dhn_122,122,0.0611401714350417,"[19, 20, 23, 25, 40]"
253,19_20_27_28_46_47_62_63_64_90_91_dhn_4,4,0.0172221848919221,"[19, 20, 27, 28, 46, 47, 62, 63, 64, 90, 91]"
254,19_20_27_28_47_62_63_64_dhn_4,4,0.1364639537140088,"[19, 20, 27, 28, 47, 62, 63, 64]"
255,19_20_27_28_90_91_dhn_4,4,0.0108129202570605,"[19, 20, 27, 28, 90, 91]"
256,19_20_27_28_91_dhn_4,4,0.2019630460734608,"[19, 20, 27, 28, 91]"
257,19_20_69_70_dhn_1,1,0.0911208698133065,"[19, 20, 69, 70]"
258,19_20_dhn_1,1,0.0735811769033536,"[19, 20]"
259,19_20_dhn_122,122,0.0609062693915504,"[19, 20]"
260,19_21_34_35_46_47_57_64_dhn_4,4,0.050850829842062,"[19, 21, 34, 35, 46, 47, 57, 64]"
261,19_21_34_35_57_65_dhn_4,4,0.0417144437009131,"[19, 21, 34, 35, 57, 65]"
262,19_21_34_35_57_dhn_4,4,0.0558562975247489,"[19, 21, 34, 35, 57]"
263,19_21_34_47_57_64_dhn_4,4,0.0480877920699283,"[19, 21, 34, 47, 57, 64]"
264,19_21_46_47_62_64_dhn_4,4,0.9527196940163049,"[19, 21, 46, 47, 62, 64]"
265,19_21_46_47_64_dhn_4,4,0.0338402111655716,"[19, 21, 46, 47, 64]"
266,19_21_46_47_dhn_4,4,0.0309200336506106,"[19, 21, 46, 47]"
267,19_21_dhn_1,1,0.0726280930459743,"[19, 21]"
268,19_21_dhn_4,4,0.0374090440275258,"[19, 21]"
269,19_25_26_dhn_111,111,0.0599369015252895,"[19, 25, 26]"
270,19_25_dhn_111,111,0.0598373802724815,"[19, 25]"
271,19_39_dhn_137,137,0.0464487535483188,"[19, 39]"
272,19_46_47_62_63_64_dhn_4,4,0.0257568829502757,"[19, 46, 47, 62, 63, 64]"
273,19_46_47_64_dhn_4,4,0.023326927154281,"[19, 46, 47, 64]"
274,1_14_15_16_26_30_31_32_38_39_41_42_44_45_47_48_49_60_61_dhn_3,3,0.0266979926321932,"[1, 14, 15, 16, 26, 30, 31, 32, 38, 39, 41, 42, 44, 45, 47, 48, 49, 60, 61]"
275,1_14_15_16_26_30_31_32_38_39_41_42_44_45_47_48_60_61_dhn_3,3,0.0269091860418997,"[1, 14, 15, 16, 26, 30, 31, 32, 38, 39, 41, 42, 44, 45, 47, 48, 60, 61]"
276,1_14_15_16_26_30_31_32_38_41_42_44_45_47_48_49_60_61_dhn_3,3,0.1412683417446168,"[1, 14, 15, 16, 26, 30, 31, 32, 38, 41, 42, 44, 45, 47, 48, 49, 60, 61]"
277,1_14_15_16_26_30_31_32_38_41_42_44_45_47_48_49_60_dhn_3,3,0.1326203650976921,"[1, 14, 15, 16, 26, 30, 31, 32, 38, 41, 42, 44, 45, 47, 48, 49, 60]"
278,1_14_15_16_26_38_39_42_44_45_47_48_60_61_dhn_3,3,0.028682136316563,"[1, 14, 15, 16, 26, 38, 39, 42, 44, 45, 47, 48, 60, 61]"
279,1_14_15_16_38_39_42_44_45_47_48_60_61_dhn_3,3,0.0194583932144229,"[1, 14, 15, 16, 38, 39, 42, 44, 45, 47, 48, 60, 61]"
280,1_14_15_16_38_39_44_45_47_48_60_61_dhn_3,3,0.0196754920392245,"[1, 14, 15, 16, 38, 39, 44, 45, 47, 48, 60, 61]"
281,1_14_15_16_38_42_44_45_47_48_60_61_dhn_3,3,0.1897526801708493,"[1, 14, 15, 16, 38, 42, 44, 45, 47, 48, 60, 61]"
282,1_14_15_16_38_42_44_45_47_48_60_dhn_3,3,0.1532296817055929,"[1, 14, 15, 16, 38, 42, 44, 45, 47, 48, 60]"
283,1_14_15_26_30_31_32_38_39_41_42_44_45_49_60_61_dhn_3,3,0.0630332277243613,"[1, 14, 15, 26, 30, 31, 32, 38, 39, 41, 42, 44, 45, 49, 60, 61]"
284,1_14_15_26_30_31_32_38_41_42_44_45_49_60_dhn_3,3,0.134944033646382,"[1, 14, 15, 26, 30, 31, 32, 38, 41, 42, 44, 45, 49, 60]"
285,1_14_38_39_42_44_45_dhn_3,3,0.0903123029909142,"[1, 14, 38, 39, 42, 44, 45]"
286,1_15_dhn_2,2,0.0789414136592029,"[1, 15]"
287,1_26_30_31_32_38_39_41_42_44_49_dhn_3,3,0.0395637175916159,"[1, 26, 30, 31, 32, 38, 39, 41, 42, 44, 49]"
288,1_26_30_31_32_38_41_42_44_49_dhn_3,3,0.1318272079800294,"[1, 26, 30, 31, 32, 38, 41, 42, 44, 49]"
289,1_26_30_41_42_44_dhn_3,3,0.1198738496898761,"[1, 26, 30, 41, 42, 44]"
290,1_26_38_39_42_44_dhn_3,3,0.0413585553346457,"[1, 26, 38, 39, 42, 44]"
291,1_26_38_42_44_dhn_3,3,0.1362449415854227,"[1, 26, 38, 42, 44]"
292,1_2_10_13_14_18_dhn_105,105,0.066470135748696,"[1, 2, 10, 13, 14, 18]"
293,1_2_10_14_18_dhn_105,105,0.04338982633615,"[1, 2, 10, 14, 18]"
294,1_2_10_dhn_105,105,0.0715685723337071,"[1, 2, 10]"
295,1_2_3_22_23_24_25_dhn_109,109,0.1023250719243407,"[1, 2, 3, 22, 23, 24, 25]"
296,1_2_3_22_24_dhn_109,109,0.0708863168742786,"[1, 2, 3, 22, 24]"
297,1_2_3_22_dhn_109,109,0.0760736637806498,"[1, 2, 3, 22]"
298,1_2_3_6_7_22_23_24_25_27_29_dhn_109,109,0.1189824364571463,"[1, 2, 3, 6, 7, 22, 23, 24, 25, 27, 29]"
299,1_38_39_42_44_dhn_3,3,0.0347616132659226,"[1, 38, 39, 42, 44]"
300,1_38_39_44_dhn_3,3,0.0330788689046813,"[1, 38, 39, 44]"
301,1_38_42_44_dhn_3,3,0.1553548598590278,"[1, 38, 42, 44]"
302,1_38_44_dhn_3,3,0.1579775174837338,"[1, 38, 44]"
303,1_3_13_dhn_122,122,0.0455808391983551,"[1, 3, 13]"
304,1_3_22_dhn_109,109,0.1266100040038867,"[1, 3, 22]"
305,1_3_dhn_122,122,0.029327715629484,"[1, 3]"
306,1_42_44_dhn_3,3,0.0522051998301269,"[1, 42, 44]"
307,1_44_dhn_3,3,0.0480562563361162,"[1, 44]"
308,1_5_6_7_14_15_20_dhn_2,2,0.0393944461106962,"[1, 5, 6, 7, 14, 15, 20]"
309,1_5_6_7_15_dhn_2,2,0.1092771577646371,"[1, 5, 6, 7, 15]"
310,1_5_7_14_15_dhn_2,2,0.1139477710530734,"[1, 5, 7, 14, 15]"
311,1_7_14_15_dhn_2,2,0.0576662139293568,"[1, 7, 14, 15]"
312,20_21_22_dhn_3,3,0.0263089349520559,"[20, 21, 22]"
313,20_21_dhn_3,3,0.2023812151668766,"[20, 21]"
314,20_22_dhn_3,3,0.0358267382200371,"[20, 22]"
315,20_27_28_90_91_dhn_4,4,0.0256970881768826,"[20, 27, 28, 90, 91]"
316,20_27_28_91_dhn_4,4,0.3149895112370187,"[20, 27, 28, 91]"
317,20_27_28_dhn_4,4,0.2355947251124236,"[20, 27, 28]"
318,20_27_dhn_4,4,0.0460389120169014,"[20, 27]"
319,21_22_24_38_39_41_dhn_122,122,0.0740687664254445,"[21, 22, 24, 38, 39, 41]"
320,21_33_dhn_111,111,0.0974345201519156,"[21, 33]"
321,22_23_25_26_29_30_32_44_73_74_75_76_82_88_dhn_4,4,0.2313873540386122,"[22, 23, 25, 26, 29, 30, 32, 44, 73, 74, 75, 76, 82, 88]"
322,22_23_25_26_29_30_32_44_73_74_75_82_88_dhn_4,4,0.2296920294452042,"[22, 23, 25, 26, 29, 30, 32, 44, 73, 74, 75, 82, 88]"
323,22_23_25_26_32_44_73_88_dhn_4,4,0.1832604799519727,"[22, 23, 25, 26, 32, 44, 73, 88]"
324,22_23_25_26_32_73_88_dhn_4,4,0.166129840222444,"[22, 23, 25, 26, 32, 73, 88]"
325,22_23_73_74_75_82_88_dhn_4,4,0.2065478268146237,"[22, 23, 73, 74, 75, 82, 88]"
326,22_23_73_88_dhn_4,4,0.1876564029769732,"[22, 23, 73, 88]"
327,22_23_88_dhn_4,4,0.2778966958159068,"[22, 23, 88]"
328,22_23_dhn_111,111,0.0616350981360435,"[22, 23]"
329,22_25_26_29_30_32_44_73_74_75_82_88_dhn_4,4,0.1528576283779475,"[22, 25, 26, 29, 30, 32, 44, 73, 74, 75, 82, 88]"
330,22_25_26_32_44_73_88_dhn_4,4,0.1107801653014039,"[22, 25, 26, 32, 44, 73, 88]"
331,22_25_29_30_32_73_74_75_82_88_dhn_4,4,0.1522456133981415,"[22, 25, 29, 30, 32, 73, 74, 75, 82, 88]"
332,22_25_32_73_88_dhn_4,4,0.1199456053568118,"[22, 25, 32, 73, 88]"
333,22_27_28_29_30_36_dhn_105,105,0.1183205076807863,"[22, 27, 28, 29, 30, 36]"
334,22_27_28_29_36_dhn_105,105,0.2420661157947471,"[22, 27, 28, 29, 36]"
335,22_32_73_88_dhn_4,4,0.0964410289647488,"[22, 32, 73, 88]"
336,22_73_88_dhn_4,4,0.1188928062894462,"[22, 73, 88]"
337,22_88_dhn_4,4,0.1455693231792574,"[22, 88]"
338,23_24_dhn_3,3,0.002809205579017,"[23, 24]"
339,23_25_dhn_109,109,0.0921802242307365,"[23, 25]"
340,23_31_32_48_49_56_57_dhn_137,137,0.0645166178470571,"[23, 31, 32, 48, 49, 56, 57]"
341,24_25_31_32_33_dhn_105,105,0.0874689635019393,"[24, 25, 31, 32, 33]"
342,24_25_43_52_58_59_65_dhn_1,1,0.0154058331568131,"[24, 25, 43, 52, 58, 59, 65]"
343,24_25_43_52_65_dhn_1,1,0.1000836993368822,"[24, 25, 43, 52, 65]"
344,24_25_43_58_59_65_dhn_1,1,0.0129527999957265,"[24, 25, 43, 58, 59, 65]"
345,24_25_52_dhn_1,1,0.0766230162115831,"[24, 25, 52]"
346,24_31_32_33_dhn_105,105,0.0937011418808743,"[24, 31, 32, 33]"
347,24_33_dhn_105,105,0.1334672526691838,"[24, 33]"
348,24_33_dhn_4,4,0.0994149010999779,"[24, 33]"
349,24_52_dhn_1,1,0.0637287728292632,"[24, 52]"
350,25_26_32_44_73_dhn_4,4,0.0514271688310373,"[25, 26, 32, 44, 73]"
351,25_26_32_44_dhn_4,4,0.017883182324065,"[25, 26, 32, 44]"
352,25_26_32_73_88_dhn_4,4,0.0758541536057129,"[25, 26, 32, 73, 88]"
353,25_26_32_dhn_4,4,0.044145353413812,"[25, 26, 32]"
354,25_26_44_dhn_4,4,0.0143437686943768,"[25, 26, 44]"
355,25_26_dhn_4,4,0.0509591357509449,"[25, 26]"
356,25_32_dhn_4,4,0.0578177519664338,"[25, 32]"
357,25_43_58_59_65_dhn_1,1,0.0119095557354994,"[25, 43, 58, 59, 65]"
358,25_43_58_59_dhn_1,1,0.0329692216712903,"[25, 43, 58, 59]"
359,25_43_58_65_dhn_1,1,0.0364628789137954,"[25, 43, 58, 65]"
360,25_43_65_dhn_1,1,0.0731225106036002,"[25, 43, 65]"
361,25_43_dhn_1,1,0.0770640970455752,"[25, 43]"
362,26_27_28_29_41_42_53_dhn_1,1,0.0412787309865139,"[26, 27, 28, 29, 41, 42, 53]"
363,26_27_28_29_41_42_dhn_1,1,0.0454266510444979,"[26, 27, 28, 29, 41, 42]"
364,26_27_34_35_36_dhn_122,122,0.0812012444956427,"[26, 27, 34, 35, 36]"
365,26_27_36_dhn_122,122,0.0514721141004551,"[26, 27, 36]"
366,26_27_41_42_dhn_1,1,0.0335154703208235,"[26, 27, 41, 42]"
367,26_27_42_dhn_1,1,0.0292767253341347,"[26, 27, 42]"
368,26_30_31_32_38_41_42_44_49_dhn_3,3,0.1233643681960153,"[26, 30, 31, 32, 38, 41, 42, 44, 49]"
369,26_30_31_32_41_42_49_dhn_3,3,0.03185399478563,"[26, 30, 31, 32, 41, 42, 49]"
370,26_30_32_41_42_44_dhn_3,3,0.1119416855433457,"[26, 30, 32, 41, 42, 44]"
371,26_30_38_41_42_44_dhn_3,3,0.1662139555216033,"[26, 30, 38, 41, 42, 44]"
372,26_38_42_44_dhn_3,3,0.1253297573196105,"[26, 38, 42, 44]"
373,26_41_42_49_dhn_3,3,0.0544024196358886,"[26, 41, 42, 49]"
374,26_42_dhn_1,1,0.0457487165803561,"[26, 42]"
375,26_42_dhn_3,3,0.0297066984172744,"[26, 42]"
376,26_44_dhn_4,4,0.0125879933836574,"[26, 44]"
377,27_28_29_30_dhn_111,111,0.104471795561313,"[27, 28, 29, 30]"
378,27_28_29_41_42_53_dhn_1,1,0.1288693799767362,"[27, 28, 29, 41, 42, 53]"
379,27_28_37_43_56_57_58_dhn_3,3,0.0116693857250239,"[27, 28, 37, 43, 56, 57, 58]"
380,27_28_56_dhn_3,3,0.00900848297456,"[27, 28, 56]"
381,27_28_90_91_dhn_4,4,0.0252480757282742,"[27, 28, 90, 91]"
382,27_28_dhn_111,111,0.1363139597700469,"[27, 28]"
383,27_28_dhn_3,3,0.0300693086429694,"[27, 28]"
384,27_28_dhn_4,4,0.2291929376701492,"[27, 28]"
385,27_37_43_dhn_3,3,0.0597097163286884,"[27, 37, 43]"
386,27_41_42_dhn_1,1,0.0716770512162588,"[27, 41, 42]"
387,27_41_dhn_1,1,0.0672949708151192,"[27, 41]"
388,27_42_dhn_1,1,0.1532508090092705,"[27, 42]"
389,28_29_36_dhn_105,105,0.1818661344290108,"[28, 29, 36]"
390,28_29_53_dhn_1,1,0.0286036084333113,"[28, 29, 53]"
391,28_29_dhn_122,122,0.0413589724179005,"[28, 29]"
392,28_29_dhn_137,137,0.0421572847781105,"[28, 29]"
393,28_36_dhn_105,105,0.4090178338895484,"[28, 36]"
394,28_56_dhn_3,3,0.0034815645972439,"[28, 56]"
395,28_90_91_dhn_4,4,0.0311382479655845,"[28, 90, 91]"
396,28_91_dhn_4,4,0.3165418160992888,"[28, 91]"
397,29_30_74_75_76_82_dhn_4,4,0.0380839107120287,"[29, 30, 74, 75, 76, 82]"
398,29_30_74_75_82_dhn_4,4,0.1109378693474858,"[29, 30, 74, 75, 82]"
399,29_30_74_82_dhn_4,4,0.191875110347378,"[29, 30, 74, 82]"
400,29_30_82_dhn_4,4,0.0821842600733048,"[29, 30, 82]"
401,29_30_dhn_111,111,0.142921361007115,"[29, 30]"
402,29_30_dhn_4,4,0.016357638760843,"[29, 30]"
403,29_46_dhn_3,3,0.0485252253094171,"[29, 46]"
404,29_53_dhn_1,1,0.0209076808960816,"[29, 53]"
405,29_74_75_82_dhn_4,4,0.1064859785877123,"[29, 74, 75, 82]"
406,29_74_82_dhn_4,4,0.1740125325784582,"[29, 74, 82]"
407,29_82_dhn_4,4,0.0919351858823739,"[29, 82]"
408,2_10_dhn_105,105,0.1179688307274732,"[2, 10]"
409,2_13_70_dhn_4,4,0.0352879060362408,"[2, 13, 70]"
410,2_13_dhn_4,4,0.0289683909863159,"[2, 13]"
411,2_17_dhn_137,137,0.0531465714841318,"[2, 17]"
412,2_26_27_41_42_dhn_1,1,0.0959357076357005,"[2, 26, 27, 41, 42]"
413,2_36_dhn_3,3,0.0715276251712524,"[2, 36]"
414,2_3_11_13_20_29_46_52_54_dhn_3,3,0.1595696269984289,"[2, 3, 11, 13, 20, 29, 46, 52, 54]"
415,2_3_13_14_15_16_17_dhn_111,111,0.0557677807023467,"[2, 3, 13, 14, 15, 16, 17]"
416,2_3_13_14_17_dhn_111,111,0.0852789556919334,"[2, 3, 13, 14, 17]"
417,2_3_13_36_38_39_40_59_67_68_70_86_dhn_4,4,0.0928750618584153,"[2, 3, 13, 36, 38, 39, 40, 59, 67, 68, 70, 86]"
418,2_3_13_39_40_67_68_dhn_4,4,0.0875772173647563,"[2, 3, 13, 39, 40, 67, 68]"
419,2_3_13_56_67_70_dhn_4,4,0.0887773502399453,"[2, 3, 13, 56, 67, 70]"
420,2_3_13_67_69_70_dhn_4,4,0.0930387542568985,"[2, 3, 13, 67, 69, 70]"
421,2_3_14_17_dhn_111,111,0.1442193322750195,"[2, 3, 14, 17]"
422,2_3_26_27_28_29_41_42_53_dhn_1,1,0.0815853036322064,"[2, 3, 26, 27, 28, 29, 41, 42, 53]"
423,2_3_26_27_41_42_dhn_1,1,0.0741813507138512,"[2, 3, 26, 27, 41, 42]"
424,2_3_29_36_46_52_54_55_dhn_3,3,0.0771318432542915,"[2, 3, 29, 36, 46, 52, 54, 55]"
425,2_3_29_46_52_54_dhn_3,3,0.1212311477768304,"[2, 3, 29, 46, 52, 54]"
426,2_3_36_46_52_54_55_dhn_3,3,0.0969669811183732,"[2, 3, 36, 46, 52, 54, 55]"
427,2_3_36_52_54_55_dhn_3,3,0.0931632552524468,"[2, 3, 36, 52, 54, 55]"
428,2_3_46_52_54_dhn_3,3,2.2385905791723046,"[2, 3, 46, 52, 54]"
429,2_3_4_11_12_13_20_21_22_29_36_46_50_51_52_54_55_dhn_3,3,0.0214622955734029,"[2, 3, 4, 11, 12, 13, 20, 21, 22, 29, 36, 46, 50, 51, 52, 54, 55]"
430,2_3_4_11_12_29_46_52_54_dhn_3,3,0.1733088005680523,"[2, 3, 4, 11, 12, 29, 46, 52, 54]"
431,2_3_4_13_14_15_24_25_26_27_28_29_34_41_42_43_51_52_53_54_55_58_59_65_dhn_1,1,0.1262724578536911,"[2, 3, 4, 13, 14, 15, 24, 25, 26, 27, 28, 29, 34, 41, 42, 43, 51, 52, 53, 54, 55, 58, 59, 65]"
432,2_3_4_13_14_15_24_25_27_28_29_34_41_42_43_51_52_53_54_55_58_59_65_dhn_1,1,0.1886648852747153,"[2, 3, 4, 13, 14, 15, 24, 25, 27, 28, 29, 34, 41, 42, 43, 51, 52, 53, 54, 55, 58, 59, 65]"
433,2_3_4_13_14_15_24_25_27_28_29_34_41_42_43_51_52_53_54_55_58_65_dhn_1,1,0.2010037257408073,"[2, 3, 4, 13, 14, 15, 24, 25, 27, 28, 29, 34, 41, 42, 43, 51, 52, 53, 54, 55, 58, 65]"
434,2_3_4_13_36_37_38_39_40_51_52_56_59_67_68_69_70_71_72_79_80_84_86_dhn_4,4,0.019446792046294,"[2, 3, 4, 13, 36, 37, 38, 39, 40, 51, 52, 56, 59, 67, 68, 69, 70, 71, 72, 79, 80, 84, 86]"
435,2_3_4_13_36_37_38_39_40_51_52_59_67_68_69_70_71_72_79_80_84_86_dhn_4,4,0.0179133171257977,"[2, 3, 4, 13, 36, 37, 38, 39, 40, 51, 52, 59, 67, 68, 69, 70, 71, 72, 79, 80, 84, 86]"
436,2_3_4_13_36_37_38_39_40_51_52_59_67_68_69_71_72_79_80_84_86_dhn_4,4,0.0181638647797835,"[2, 3, 4, 13, 36, 37, 38, 39, 40, 51, 52, 59, 67, 68, 69, 71, 72, 79, 80, 84, 86]"
437,2_3_4_13_36_37_39_40_51_52_56_67_68_69_70_71_72_79_80_84_dhn_4,4,0.0674460262450965,"[2, 3, 4, 13, 36, 37, 39, 40, 51, 52, 56, 67, 68, 69, 70, 71, 72, 79, 80, 84]"
438,2_3_4_26_27_28_29_41_42_53_dhn_1,1,0.0824245168130457,"[2, 3, 4, 26, 27, 28, 29, 41, 42, 53]"
439,2_3_4_27_28_29_41_42_53_dhn_1,1,0.1417388476344007,"[2, 3, 4, 27, 28, 29, 41, 42, 53]"
440,2_3_4_27_28_29_41_53_dhn_1,1,0.0960052148071079,"[2, 3, 4, 27, 28, 29, 41, 53]"
441,2_3_4_27_28_41_dhn_1,1,0.0902582681353645,"[2, 3, 4, 27, 28, 41]"
442,2_3_4_29_36_46_50_51_52_54_55_dhn_3,3,0.0381261783837502,"[2, 3, 4, 29, 36, 46, 50, 51, 52, 54, 55]"
443,2_3_4_29_46_52_54_dhn_3,3,0.1642060063367193,"[2, 3, 4, 29, 46, 52, 54]"
444,2_3_4_36_37_38_39_40_51_52_59_67_68_69_71_72_79_80_84_86_dhn_4,4,0.0173156049756532,"[2, 3, 4, 36, 37, 38, 39, 40, 51, 52, 59, 67, 68, 69, 71, 72, 79, 80, 84, 86]"
445,2_3_4_36_46_50_51_52_54_55_dhn_3,3,0.0260647225865323,"[2, 3, 4, 36, 46, 50, 51, 52, 54, 55]"
446,2_3_4_36_50_51_52_54_55_dhn_3,3,0.0260611090346578,"[2, 3, 4, 36, 50, 51, 52, 54, 55]"
447,2_3_4_36_50_51_54_55_dhn_3,3,0.021334316492195,"[2, 3, 4, 36, 50, 51, 54, 55]"
448,2_3_4_36_50_51_dhn_3,3,0.0269981402171222,"[2, 3, 4, 36, 50, 51]"
449,2_3_4_36_50_52_54_55_dhn_3,3,0.2088940123088976,"[2, 3, 4, 36, 50, 52, 54, 55]"
450,2_3_4_51_dhn_3,3,0.0994430839147483,"[2, 3, 4, 51]"
451,2_3_4_5_13_14_15_23_24_25_26_27_28_29_34_35_41_42_43_51_52_53_54_55_58_59_65_dhn_1,1,0.0167050131898627,"[2, 3, 4, 5, 13, 14, 15, 23, 24, 25, 26, 27, 28, 29, 34, 35, 41, 42, 43, 51, 52, 53, 54, 55, 58, 59, 65]"
452,2_3_4_5_13_14_15_23_24_25_26_27_28_29_35_41_42_43_51_52_53_54_55_58_59_65_dhn_1,1,0.0163154185815442,"[2, 3, 4, 5, 13, 14, 15, 23, 24, 25, 26, 27, 28, 29, 35, 41, 42, 43, 51, 52, 53, 54, 55, 58, 59, 65]"
453,2_3_4_5_13_14_15_23_24_25_28_29_35_41_43_51_52_53_54_65_dhn_1,1,0.0840959972992575,"[2, 3, 4, 5, 13, 14, 15, 23, 24, 25, 28, 29, 35, 41, 43, 51, 52, 53, 54, 65]"
454,2_3_4_5_13_14_15_24_25_26_27_28_29_34_35_41_42_43_51_52_53_54_55_58_59_65_dhn_1,1,0.1240835079103918,"[2, 3, 4, 5, 13, 14, 15, 24, 25, 26, 27, 28, 29, 34, 35, 41, 42, 43, 51, 52, 53, 54, 55, 58, 59, 65]"
455,2_3_4_5_26_27_28_29_35_41_42_53_54_dhn_1,1,0.0191656886110183,"[2, 3, 4, 5, 26, 27, 28, 29, 35, 41, 42, 53, 54]"
456,2_3_4_5_26_27_28_29_35_41_42_53_dhn_1,1,0.0166315194267905,"[2, 3, 4, 5, 26, 27, 28, 29, 35, 41, 42, 53]"
457,2_3_4_5_26_27_28_35_41_42_dhn_1,1,0.0149621573222861,"[2, 3, 4, 5, 26, 27, 28, 35, 41, 42]"
458,2_3_4_5_26_27_35_41_42_dhn_1,1,0.0143006536518298,"[2, 3, 4, 5, 26, 27, 35, 41, 42]"
459,2_3_4_5_28_29_35_41_53_dhn_1,1,0.0425034886701309,"[2, 3, 4, 5, 28, 29, 35, 41, 53]"
460,2_3_4_5_35_dhn_1,1,0.0098973679264776,"[2, 3, 4, 5, 35]"
461,2_3_4_5_6_7_8_9_10_11_12_13_14_15_16_17_dhn_111,111,0.069073005701401,"[2, 3, 4, 5, 6, 7, 8, 9, 10, 11, 12, 13, 14, 15, 16, 17]"
462,2_3_4_5_9_10_11_17_20_21_22_23_24_25_26_27_28_29_31_32_33_34_35_48_49_50_51_53_54_55_56_57_dhn_137,137,0.0514920293907381,"[2, 3, 4, 5, 9, 10, 11, 17, 20, 21, 22, 23, 24, 25, 26, 27, 28, 29, 31, 32, 33, 34, 35, 48, 49, 50, 51, 53, 54, 55, 56, 57]"
463,2_3_4_dhn_1,1,0.0613239266216751,"[2, 3, 4]"
464,2_3_51_67_68_84_dhn_4,4,0.0916491541394369,"[2, 3, 51, 67, 68, 84]"
465,2_3_5_26_27_28_29_41_42_53_dhn_1,1,0.0796463009496053,"[2, 3, 5, 26, 27, 28, 29, 41, 42, 53]"
466,2_3_5_26_27_41_42_dhn_1,1,0.0745332640336585,"[2, 3, 5, 26, 27, 41, 42]"
467,2_3_5_27_41_42_dhn_1,1,0.1032570804633748,"[2, 3, 5, 27, 41, 42]"
468,2_3_5_dhn_1,1,0.060957113701762,"[2, 3, 5]"
469,2_3_7_13_14_15_16_17_dhn_111,111,0.0513976656539032,"[2, 3, 7, 13, 14, 15, 16, 17]"
470,2_3_9_17_22_23_24_31_32_48_49_56_57_dhn_137,137,0.0534812791834957,"[2, 3, 9, 17, 22, 23, 24, 31, 32, 48, 49, 56, 57]"
471,2_3_9_17_22_24_dhn_137,137,0.0381881495090371,"[2, 3, 9, 17, 22, 24]"
472,2_3_9_17_dhn_137,137,0.042851697918439,"[2, 3, 9, 17]"
473,2_3_dhn_1,1,0.0658776002892256,"[2, 3]"
474,2_4_13_56_70_dhn_4,4,0.0263240960095949,"[2, 4, 13, 56, 70]"
475,2_4_13_70_dhn_4,4,0.0221424970684036,"[2, 4, 13, 70]"
476,2_4_36_50_51_dhn_3,3,0.0247048387622623,"[2, 4, 36, 50, 51]"
477,2_4_36_50_dhn_3,3,0.2080136008684296,"[2, 4, 36, 50]"
478,2_4_50_dhn_3,3,0.2074247862464167,"[2, 4, 50]"
479,2_4_dhn_3,3,0.1843957694427274,"[2, 4]"
480,2_4_dhn_4,4,0.0131875718148276,"[2, 4]"
481,2_9_dhn_122,122,0.0166433283991853,"[2, 9]"
482,30_31_32_41_49_dhn_3,3,0.0617932291717741,"[30, 31, 32, 41, 49]"
483,30_31_32_dhn_3,3,0.0238684114948126,"[30, 31, 32]"
484,30_31_dhn_3,3,0.0642390085170524,"[30, 31]"
485,30_32_dhn_3,3,0.2037475695540604,"[30, 32]"
486,30_66_dhn_1,1,0.2012138683825271,"[30, 66]"
487,31_32_33_37_39_40_47_48_49_67_68_71_dhn_1,1,0.0401665804148321,"[31, 32, 33, 37, 39, 40, 47, 48, 49, 67, 68, 71]"
488,31_32_33_37_40_67_68_71_dhn_1,1,0.0210077827483128,"[31, 32, 33, 37, 40, 67, 68, 71]"
489,31_32_33_37_40_67_71_dhn_1,1,0.0624241590090594,"[31, 32, 33, 37, 40, 67, 71]"
490,31_32_33_67_68_71_dhn_1,1,0.0205793625301001,"[31, 32, 33, 67, 68, 71]"
491,31_32_33_67_68_dhn_1,1,0.0533702556897745,"[31, 32, 33, 67, 68]"
492,31_32_33_67_71_dhn_1,1,0.1041126095549222,"[31, 32, 33, 67, 71]"
493,31_32_33_67_dhn_1,1,0.1059958841697545,"[31, 32, 33, 67]"
494,31_32_33_dhn_1,1,0.092442072450688,"[31, 32, 33]"
495,31_32_dhn_105,105,0.113028171463324,"[31, 32]"
496,31_32_dhn_109,109,0.0411238234537789,"[31, 32]"
497,31_33_39_40_47_48_dhn_1,1,0.0772105577641696,"[31, 33, 39, 40, 47, 48]"
498,31_36_37_40_dhn_1,1,0.0510231228915824,"[31, 36, 37, 40]"
499,31_45_46_47_dhn_122,122,0.0340889098429144,"[31, 45, 46, 47]"
500,32_73_dhn_4,4,0.0516242068237901,"[32, 73]"
501,33_34_59_dhn_3,3,0.027651607625807,"[33, 34, 59]"
502,33_34_dhn_3,3,0.0491943380669823,"[33, 34]"
503,33_48_83_dhn_4,4,0.0389881572291598,"[33, 48, 83]"
504,33_48_dhn_4,4,0.0606289787005983,"[33, 48]"
505,33_58_dhn_109,109,0.0430561549440913,"[33, 58]"
506,33_67_68_71_dhn_1,1,0.020905739972506,"[33, 67, 68, 71]"
507,33_67_68_dhn_1,1,0.0536244296445995,"[33, 67, 68]"
508,33_67_71_dhn_1,1,0.0981251770886748,"[33, 67, 71]"
509,33_67_dhn_1,1,0.1011384552355283,"[33, 67]"
510,33_68_dhn_1,1,0.0397786421426589,"[33, 68]"
511,34_35_36_37_38_39_40_41_42_43_44_45_46_47_48_49_50_51_52_53_54_55_56_57_59_60_dhn_109,109,0.1152132088880818,"[34, 35, 36, 37, 38, 39, 40, 41, 42, 43, 44, 45, 46, 47, 48, 49, 50, 51, 52, 53, 54, 55, 56, 57, 59, 60]"
512,34_35_36_37_38_39_40_45_46_47_48_49_50_51_52_53_54_60_dhn_109,109,0.2664319469508963,"[34, 35, 36, 37, 38, 39, 40, 45, 46, 47, 48, 49, 50, 51, 52, 53, 54, 60]"
513,34_35_36_37_38_39_45_51_52_53_54_60_dhn_109,109,0.2152441990307128,"[34, 35, 36, 37, 38, 39, 45, 51, 52, 53, 54, 60]"
514,34_35_36_37_38_39_dhn_109,109,0.2359114823465687,"[34, 35, 36, 37, 38, 39]"
515,34_35_41_42_57_58_65_85_89_dhn_4,4,0.0147055644147345,"[34, 35, 41, 42, 57, 58, 65, 85, 89]"
516,34_35_57_58_65_85_89_dhn_4,4,0.0846720875874465,"[34, 35, 57, 58, 65, 85, 89]"
517,34_35_57_65_dhn_4,4,0.0315747305183827,"[34, 35, 57, 65]"
518,34_35_57_dhn_4,4,0.0586863941894202,"[34, 35, 57]"
519,34_35_65_dhn_4,4,0.0175572871054917,"[34, 35, 65]"
520,34_35_dhn_4,4,0.068614061180556,"[34, 35]"
521,34_36_37_38_39_dhn_109,109,0.1647508155930822,"[34, 36, 37, 38, 39]"
522,34_36_37_38_dhn_109,109,0.1326018261012247,"[34, 36, 37, 38]"
523,34_54_55_dhn_1,1,0.0260074020315228,"[34, 54, 55]"
524,34_55_dhn_1,1,0.0155719626180315,"[34, 55]"
525,34_57_dhn_4,4,0.0577192463139238,"[34, 57]"
526,34_59_dhn_3,3,0.0074965311270925,"[34, 59]"
527,35_65_dhn_4,4,0.0119476422122578,"[35, 65]"
528,36_37_38_39_40_44_47_48_69_dhn_1,1,0.1239733613914458,"[36, 37, 38, 39, 40, 44, 47, 48, 69]"
529,36_37_38_39_40_51_52_59_67_68_69_79_80_84_86_dhn_4,4,0.0175817335945066,"[36, 37, 38, 39, 40, 51, 52, 59, 67, 68, 69, 79, 80, 84, 86]"
530,36_37_38_39_40_51_52_59_68_79_80_84_86_dhn_4,4,0.0160282398049244,"[36, 37, 38, 39, 40, 51, 52, 59, 68, 79, 80, 84, 86]"
531,36_37_38_39_40_51_52_59_68_79_80_84_dhn_4,4,0.0805354656845923,"[36, 37, 38, 39, 40, 51, 52, 59, 68, 79, 80, 84]"
532,36_37_38_39_40_51_52_59_68_79_84_dhn_4,4,0.168259042366554,"[36, 37, 38, 39, 40, 51, 52, 59, 68, 79, 84]"
533,36_37_38_39_40_59_86_dhn_4,4,0.0163425281439331,"[36, 37, 38, 39, 40, 59, 86]"
534,36_37_38_40_59_86_dhn_4,4,0.0148901030631969,"[36, 37, 38, 40, 59, 86]"
535,36_37_38_59_86_dhn_4,4,0.0142214444820922,"[36, 37, 38, 59, 86]"
536,36_37_39_40_51_52_67_68_69_79_80_84_dhn_4,4,0.0670257597899253,"[36, 37, 39, 40, 51, 52, 67, 68, 69, 79, 80, 84]"
537,36_37_39_40_51_52_68_79_80_84_dhn_4,4,0.0627203783901959,"[36, 37, 39, 40, 51, 52, 68, 79, 80, 84]"
538,36_37_39_40_51_52_68_79_84_dhn_4,4,0.1585786726102693,"[36, 37, 39, 40, 51, 52, 68, 79, 84]"
539,36_37_39_40_dhn_4,4,0.0609279499322087,"[36, 37, 39, 40]"
540,36_37_40_dhn_4,4,0.059042530757764,"[36, 37, 40]"
541,36_37_dhn_4,4,0.0552672564368244,"[36, 37]"
542,36_38_39_40_51_52_59_68_79_80_84_86_dhn_4,4,0.0469013917214006,"[36, 38, 39, 40, 51, 52, 59, 68, 79, 80, 84, 86]"
543,36_38_39_40_51_59_68_84_dhn_4,4,0.1008941509529976,"[36, 38, 39, 40, 51, 59, 68, 84]"
544,36_38_39_40_59_68_86_dhn_4,4,0.0476780588156711,"[36, 38, 39, 40, 59, 68, 86]"
545,36_38_44_62_dhn_1,1,0.0293605015104518,"[36, 38, 44, 62]"
546,36_38_44_dhn_1,1,0.0677704647334532,"[36, 38, 44]"
547,36_38_59_86_dhn_4,4,1.0392902330712732,"[36, 38, 59, 86]"
548,36_38_59_dhn_4,4,0.0758617355228326,"[36, 38, 59]"
549,36_38_dhn_1,1,0.0740847520258897,"[36, 38]"
550,36_39_40_51_52_68_79_80_84_dhn_4,4,0.0703564427929617,"[36, 39, 40, 51, 52, 68, 79, 80, 84]"
551,36_40_dhn_4,4,0.0582680322187325,"[36, 40]"
552,37_38_dhn_109,109,0.0567070757488433,"[37, 38]"
553,37_40_dhn_1,1,0.0276063754308325,"[37, 40]"
554,38_39_42_44_dhn_3,3,0.044648429801331,"[38, 39, 42, 44]"
555,38_39_dhn_3,3,0.0432398060497044,"[38, 39]"
556,38_42_44_dhn_3,3,0.1381916504975922,"[38, 42, 44]"
557,38_44_45_dhn_3,3,0.141649694369369,"[38, 44, 45]"
558,38_44_62_dhn_1,1,0.02008546208708,"[38, 44, 62]"
559,38_44_dhn_1,1,0.0980775573976018,"[38, 44]"
560,38_44_dhn_3,3,0.1326856232030326,"[38, 44]"
561,38_59_86_dhn_4,4,0.0300882416564607,"[38, 59, 86]"
562,38_59_dhn_4,4,0.0742083708001191,"[38, 59]"
563,39_40_dhn_4,4,0.0422787922318385,"[39, 40]"
564,39_47_48_49_dhn_1,1,0.0512002207248452,"[39, 47, 48, 49]"
565,39_48_dhn_1,1,0.0329297575240162,"[39, 48]"
566,39_51_52_68_79_80_84_dhn_4,4,0.043742439496963,"[39, 51, 52, 68, 79, 80, 84]"
567,39_68_84_dhn_4,4,0.0596005467007208,"[39, 68, 84]"
568,3_12_13_17_18_19_dhn_2,2,0.1069346915903212,"[3, 12, 13, 17, 18, 19]"
569,3_12_13_17_18_dhn_2,2,0.1491271344369219,"[3, 12, 13, 17, 18]"
570,3_12_13_18_19_dhn_2,2,0.2930652178789921,"[3, 12, 13, 18, 19]"
571,3_12_13_dhn_2,2,0.1446676316674979,"[3, 12, 13]"
572,3_13_dhn_2,2,0.1068335283657254,"[3, 13]"
573,3_14_17_dhn_111,111,0.1292253362019246,"[3, 14, 17]"
574,3_22_dhn_109,109,0.0761045454882348,"[3, 22]"
575,3_36_37_38_39_40_51_52_59_67_68_69_71_72_79_80_84_86_dhn_4,4,0.0179405102493735,"[3, 36, 37, 38, 39, 40, 51, 52, 59, 67, 68, 69, 71, 72, 79, 80, 84, 86]"
576,3_36_37_39_40_51_52_67_68_69_71_72_79_80_84_dhn_4,4,0.0680580494064178,"[3, 36, 37, 39, 40, 51, 52, 67, 68, 69, 71, 72, 79, 80, 84]"
577,3_36_37_39_40_67_68_69_71_72_84_dhn_4,4,0.0781692844363459,"[3, 36, 37, 39, 40, 67, 68, 69, 71, 72, 84]"
578,3_36_38_39_40_59_67_68_dhn_4,4,0.1086382157861916,"[3, 36, 38, 39, 40, 59, 67, 68]"
579,3_46_52_54_55_dhn_3,3,0.0697097284522733,"[3, 46, 52, 54, 55]"
580,3_4_12_13_17_18_19_dhn_2,2,0.048732816481172,"[3, 4, 12, 13, 17, 18, 19]"
581,3_4_12_13_18_19_dhn_2,2,0.3379325508419222,"[3, 4, 12, 13, 18, 19]"
582,3_4_12_13_18_dhn_2,2,0.3096311998201139,"[3, 4, 12, 13, 18]"
583,3_4_12_13_dhn_2,2,0.1218559233725739,"[3, 4, 12, 13]"
584,3_4_dhn_105,105,0.0415445987988738,"[3, 4]"
585,3_4_dhn_2,2,0.0592860324027641,"[3, 4]"
586,3_51_52_67_68_71_72_79_80_84_dhn_4,4,0.0424707105285876,"[3, 51, 52, 67, 68, 71, 72, 79, 80, 84]"
587,3_52_54_55_dhn_3,3,0.0683052036525152,"[3, 52, 54, 55]"
588,3_52_54_dhn_3,3,0.068400544091137,"[3, 52, 54]"
589,3_54_55_dhn_3,3,0.050352520391252,"[3, 54, 55]"
590,3_54_dhn_3,3,0.0487947358893922,"[3, 54]"
591,3_5_dhn_1,1,0.004606069358765,"[3, 5]"
592,3_67_68_69_71_72_84_dhn_4,4,0.0546645215690222,"[3, 67, 68, 69, 71, 72, 84]"
593,3_67_68_71_72_84_dhn_4,4,0.0534613740009746,"[3, 67, 68, 71, 72, 84]"
594,3_71_72_dhn_4,4,0.0188062638396635,"[3, 71, 72]"
595,3_71_dhn_4,4,0.1758828136485864,"[3, 71]"
596,3_9_dhn_137,137,0.0481363697582884,"[3, 9]"
597,40_42_dhn_137,137,0.0264115123206712,"[40, 42]"
598,40_46_47_48_49_50_dhn_109,109,0.0656460957868168,"[40, 46, 47, 48, 49, 50]"
599,40_46_47_49_dhn_109,109,0.0447184138620801,"[40, 46, 47, 49]"
600,41_42_43_44_55_56_57_59_dhn_109,109,0.1157481806168682,"[41, 42, 43, 44, 55, 56, 57, 59]"
601,41_42_43_59_dhn_109,109,0.1464497779585117,"[41, 42, 43, 59]"
602,41_42_58_85_89_dhn_4,4,0.0192218691608585,"[41, 42, 58, 85, 89]"
603,41_42_58_85_dhn_4,4,0.1881934030744839,"[41, 42, 58, 85]"
604,41_42_58_dhn_4,4,0.1436171964884594,"[41, 42, 58]"
605,41_42_dhn_4,4,0.0027072121856802,"[41, 42]"
606,41_43_53_56_dhn_105,105,0.0949998626018046,"[41, 43, 53, 56]"
607,41_43_53_dhn_105,105,0.0801175218120878,"[41, 43, 53]"
608,41_43_dhn_109,109,0.0989128540644778,"[41, 43]"
609,41_46_47_dhn_137,137,0.0327855253336878,"[41, 46, 47]"
610,41_47_dhn_137,137,0.027419046465453,"[41, 47]"
611,41_49_dhn_3,3,0.0786970320961309,"[41, 49]"
612,41_58_85_dhn_4,4,0.1423070036512805,"[41, 58, 85]"
613,42_59_dhn_109,109,0.1469246269918914,"[42, 59]"
614,43_53_dhn_105,105,0.0735029488258072,"[43, 53]"
615,43_57_58_dhn_3,3,0.0076804482573277,"[43, 57, 58]"
616,43_57_dhn_3,3,0.0185953037976258,"[43, 57]"
617,43_58_59_65_dhn_1,1,0.0098411856676699,"[43, 58, 59, 65]"
618,43_58_dhn_3,3,0.0422097660991819,"[43, 58]"
619,43_65_dhn_1,1,0.0571686557900889,"[43, 65]"
620,44_45_48_52_55_dhn_105,105,0.2243224784625347,"[44, 45, 48, 52, 55]"
621,44_45_48_dhn_105,105,0.132067063379791,"[44, 45, 48]"
622,44_45_dhn_105,105,0.0935516877040691,"[44, 45]"
623,44_55_56_57_dhn_109,109,0.1047884272629568,"[44, 55, 56, 57]"
624,44_55_56_dhn_109,109,0.0731264850483427,"[44, 55, 56]"
625,44_62_dhn_1,1,0.0186611323382774,"[44, 62]"
626,45_46_47_dhn_122,122,0.0422329201933402,"[45, 46, 47]"
627,45_46_56_dhn_1,1,0.0106511804695803,"[45, 46, 56]"
628,45_46_dhn_1,1,0.0078436019667567,"[45, 46]"
629,45_46_dhn_122,122,0.0320302792725687,"[45, 46]"
630,45_51_52_53_54_60_dhn_109,109,0.143021923611755,"[45, 51, 52, 53, 54, 60]"
631,45_53_54_60_dhn_109,109,0.1062779418400604,"[45, 53, 54, 60]"
632,45_56_dhn_1,1,0.0391423628894124,"[45, 56]"
633,45_87_dhn_4,4,0.0923991890871285,"[45, 87]"
634,46_47_49_dhn_105,105,0.0947206065092674,"[46, 47, 49]"
635,46_47_49_dhn_109,109,0.1037201023953656,"[46, 47, 49]"
636,46_47_62_63_64_dhn_4,4,0.0141707951729158,"[46, 47, 62, 63, 64]"
637,46_47_64_dhn_4,4,0.0122055965239101,"[46, 47, 64]"
638,46_47_dhn_109,109,0.1054563305897078,"[46, 47]"
639,46_47_dhn_4,4,0.0088541758917042,"[46, 47]"
640,46_52_54_dhn_3,3,0.0659681972400025,"[46, 52, 54]"
641,46_52_dhn_3,3,0.051071576624169,"[46, 52]"
642,47_48_49_dhn_1,1,0.0428069452217073,"[47, 48, 49]"
643,47_49_dhn_1,1,0.0348246193849242,"[47, 49]"
644,47_49_dhn_105,105,0.0800079224446363,"[47, 49]"
645,48_50_dhn_109,109,0.0368195793568469,"[48, 50]"
646,48_83_dhn_4,4,0.0209245675167887,"[48, 83]"
647,49_50_dhn_4,4,0.0051169332084213,"[49, 50]"
648,4_35_dhn_1,1,0.0109368022448051,"[4, 35]"
649,4_50_51_dhn_3,3,0.0204177595851163,"[4, 50, 51]"
650,4_50_dhn_3,3,0.2064123835783274,"[4, 50]"
651,4_5_19_20_21_22_23_24_25_31_38_39_40_41_42_45_46_47_dhn_122,122,0.0611740405210006,"[4, 5, 19, 20, 21, 22, 23, 24, 25, 31, 38, 39, 40, 41, 42, 45, 46, 47]"
652,4_5_20_21_25_26_27_28_29_33_34_35_50_51_53_54_55_dhn_137,137,0.0605512241320536,"[4, 5, 20, 21, 25, 26, 27, 28, 29, 33, 34, 35, 50, 51, 53, 54, 55]"
653,4_5_20_21_25_26_27_28_29_33_34_35_53_54_55_dhn_137,137,0.0647955195466307,"[4, 5, 20, 21, 25, 26, 27, 28, 29, 33, 34, 35, 53, 54, 55]"
654,4_5_20_21_25_26_27_33_34_35_53_54_55_dhn_137,137,0.0646986826075482,"[4, 5, 20, 21, 25, 26, 27, 33, 34, 35, 53, 54, 55]"
655,4_5_25_26_27_33_34_35_dhn_137,137,0.1661539358256513,"[4, 5, 25, 26, 27, 33, 34, 35]"
656,4_5_27_33_34_35_dhn_137,137,0.1648930682278441,"[4, 5, 27, 33, 34, 35]"
657,4_5_42_dhn_122,122,0.0515431033458512,"[4, 5, 42]"
658,4_5_6_8_9_10_11_12_dhn_111,111,0.093795319888612,"[4, 5, 6, 8, 9, 10, 11, 12]"
659,4_5_6_8_dhn_111,111,0.1759701299857178,"[4, 5, 6, 8]"
660,4_5_8_9_15_dhn_109,109,0.0470671038711036,"[4, 5, 8, 9, 15]"
661,4_5_dhn_109,109,0.0511500040669254,"[4, 5]"
662,4_5_dhn_111,111,0.1563237952619296,"[4, 5]"
663,4_5_dhn_122,122,0.0382108269677616,"[4, 5]"
664,50_51_dhn_137,137,0.03112451491593,"[50, 51]"
665,51_52_67_68_79_80_84_dhn_4,4,0.036859015719804,"[51, 52, 67, 68, 79, 80, 84]"
666,51_52_68_79_80_84_dhn_4,4,0.0299178125804346,"[51, 52, 68, 79, 80, 84]"
667,51_52_68_79_84_dhn_4,4,0.1283300248566169,"[51, 52, 68, 79, 84]"
668,51_52_68_84_dhn_4,4,0.0801348371135666,"[51, 52, 68, 84]"
669,51_52_79_80_84_dhn_4,4,0.0226967288243425,"[51, 52, 79, 80, 84]"
670,51_52_79_80_dhn_4,4,0.0236434853726494,"[51, 52, 79, 80]"
671,51_52_79_84_dhn_4,4,0.1974471097222306,"[51, 52, 79, 84]"
672,51_52_79_dhn_4,4,0.1973247391964428,"[51, 52, 79]"
673,51_52_dhn_109,109,0.1327341643552422,"[51, 52]"
674,51_52_dhn_4,4,0.0915701131786264,"[51, 52]"
675,52_54_dhn_3,3,0.0571648088471403,"[52, 54]"
676,52_55_dhn_105,105,0.1015837229967304,"[52, 55]"
677,52_79_80_dhn_4,4,0.0227300624004236,"[52, 79, 80]"
678,53_77_dhn_122,122,0.0248178467608473,"[53, 77]"
679,54_55_dhn_1,1,0.0259406960547419,"[54, 55]"
680,54_59_60_63_64_65_69_70_71_72_73_74_75_76_79_81_82_85_86_87_90_91_92_dhn_122,122,0.0657366001370931,"[54, 59, 60, 63, 64, 65, 69, 70, 71, 72, 73, 74, 75, 76, 79, 81, 82, 85, 86, 87, 90, 91, 92]"
681,54_59_87_91_92_dhn_122,122,0.0591677960828231,"[54, 59, 87, 91, 92]"
682,54_60_dhn_109,109,0.1360104576579608,"[54, 60]"
683,54_87_91_92_dhn_122,122,0.0589378700121541,"[54, 87, 91, 92]"
684,54_92_dhn_122,122,0.0484294964123675,"[54, 92]"
685,55_56_dhn_109,109,0.1148330382231501,"[55, 56]"
686,57_58_dhn_122,122,0.0370286637366205,"[57, 58]"
687,58_59_dhn_1,1,0.0073908471879207,"[58, 59]"
688,58_60_61_62_64_69_70_77_78_85_86_95_96_104_109_110_111_dhn_137,137,0.1147540120295155,"[58, 60, 61, 62, 64, 69, 70, 77, 78, 85, 86, 95, 96, 104, 109, 110, 111]"
689,58_60_61_62_64_77_78_85_86_95_96_104_111_dhn_137,137,0.1021126026881278,"[58, 60, 61, 62, 64, 77, 78, 85, 86, 95, 96, 104, 111]"
690,58_85_89_dhn_4,4,0.1097887733330204,"[58, 85, 89]"
691,58_85_dhn_4,4,0.1997832319393123,"[58, 85]"
692,59_86_dhn_4,4,0.0076897297265827,"[59, 86]"
693,5_24_33_48_83_dhn_4,4,0.1300063127720094,"[5, 24, 33, 48, 83]"
694,5_24_dhn_4,4,0.1233222003800862,"[5, 24]"
695,5_6_20_dhn_2,2,0.0238079953299646,"[5, 6, 20]"
696,5_6_24_33_48_83_dhn_4,4,0.0625558450149856,"[5, 6, 24, 33, 48, 83]"
697,5_6_24_33_48_dhn_4,4,0.0802210845656288,"[5, 6, 24, 33, 48]"
698,5_6_24_dhn_4,4,0.0625752143174979,"[5, 6, 24]"
699,5_6_7_11_12_24_33_48_60_83_dhn_4,4,0.0141463155303799,"[5, 6, 7, 11, 12, 24, 33, 48, 60, 83]"
700,5_6_7_11_12_24_33_48_60_dhn_4,4,0.0601238431436661,"[5, 6, 7, 11, 12, 24, 33, 48, 60]"
701,5_6_7_11_12_24_60_dhn_4,4,0.0087839072272853,"[5, 6, 7, 11, 12, 24, 60]"
702,5_6_7_11_12_60_dhn_4,4,0.0073336582876071,"[5, 6, 7, 11, 12, 60]"
703,5_6_7_15_20_dhn_2,2,0.157139016087585,"[5, 6, 7, 15, 20]"
704,5_6_7_15_dhn_2,2,0.1719883799886566,"[5, 6, 7, 15]"
705,5_6_7_20_dhn_2,2,0.0829948920333378,"[5, 6, 7, 20]"
706,5_6_7_35_dhn_3,3,0.0380772680104277,"[5, 6, 7, 35]"
707,5_6_7_8_17_18_19_33_34_35_40_53_59_dhn_3,3,0.0177919598528216,"[5, 6, 7, 8, 17, 18, 19, 33, 34, 35, 40, 53, 59]"
708,5_6_7_8_17_19_33_34_35_53_59_dhn_3,3,0.1376709325560692,"[5, 6, 7, 8, 17, 19, 33, 34, 35, 53, 59]"
709,5_6_7_8_17_19_33_35_53_dhn_3,3,0.1634730768370772,"[5, 6, 7, 8, 17, 19, 33, 35, 53]"
710,5_6_7_8_17_19_33_35_dhn_3,3,0.140459621896122,"[5, 6, 7, 8, 17, 19, 33, 35]"
711,5_6_7_dhn_2,2,0.1053094225309303,"[5, 6, 7]"
712,5_6_8_17_18_33_40_dhn_3,3,0.1243149856352793,"[5, 6, 8, 17, 18, 33, 40]"
713,5_6_dhn_2,2,0.0831716519540077,"[5, 6]"
714,5_7_11_24_33_48_60_dhn_4,4,0.1136746118011661,"[5, 7, 11, 24, 33, 48, 60]"
715,5_7_11_24_33_48_83_dhn_4,4,0.1136188302101961,"[5, 7, 11, 24, 33, 48, 83]"
716,5_7_11_24_33_60_dhn_4,4,0.1298115559653564,"[5, 7, 11, 24, 33, 60]"
717,5_7_12_dhn_4,4,0.1295599026734818,"[5, 7, 12]"
718,5_7_14_15_dhn_2,2,0.192790933774543,"[5, 7, 14, 15]"
719,5_7_24_33_dhn_4,4,0.1354319611964493,"[5, 7, 24, 33]"
720,60_75_76_dhn_122,122,0.0504709433427652,"[60, 75, 76]"
721,61_62_67_96_dhn_122,122,0.0280517847171949,"[61, 62, 67, 96]"
722,61_63_64_dhn_1,1,0.0104204617112172,"[61, 63, 64]"
723,61_63_dhn_1,1,0.0510953393692839,"[61, 63]"
724,61_67_dhn_122,122,0.0205105866618794,"[61, 67]"
725,62_63_64_dhn_4,4,0.0263060081569655,"[62, 63, 64]"
726,62_63_dhn_4,4,0.0236865190250094,"[62, 63]"
727,62_64_dhn_4,4,0.0802464123480074,"[62, 64]"
728,62_96_dhn_122,122,0.0249931041500091,"[62, 96]"
729,63_108_dhn_137,137,0.0712304331997265,"[63, 108]"
730,63_64_65_69_71_72_73_74_79_85_86_90_dhn_122,122,0.0514731238997398,"[63, 64, 65, 69, 71, 72, 73, 74, 79, 85, 86, 90]"
731,63_64_65_69_72_73_79_85_86_90_dhn_122,122,0.0554584976670745,"[63, 64, 65, 69, 72, 73, 79, 85, 86, 90]"
732,63_64_65_69_85_90_dhn_122,122,0.0617705434237773,"[63, 64, 65, 69, 85, 90]"
733,65_66_87_dhn_137,137,0.0948101482670688,"[65, 66, 87]"
734,65_69_dhn_122,122,0.0755686812706913,"[65, 69]"
735,67_68_69_84_dhn_4,4,0.0519777365242314,"[67, 68, 69, 84]"
736,67_68_71_72_dhn_137,137,0.140143602382046,"[67, 68, 71, 72]"
737,67_68_84_dhn_4,4,0.0482124219554164,"[67, 68, 84]"
738,67_69_dhn_4,4,0.0188121533220884,"[67, 69]"
739,67_71_dhn_1,1,0.010070418729132,"[67, 71]"
740,68_84_dhn_4,4,0.0500329206673702,"[68, 84]"
741,69_70_109_110_dhn_137,137,0.0649081115942047,"[69, 70, 109, 110]"
742,69_70_dhn_1,1,0.0506257267283421,"[69, 70]"
743,6_17_18_22_34_36_38_dhn_1,1,0.0722942969608703,"[6, 17, 18, 22, 34, 36, 38]"
744,6_17_18_22_34_36_dhn_1,1,0.0597761825533375,"[6, 17, 18, 22, 34, 36]"
745,6_20_dhn_2,2,0.0071269825213424,"[6, 20]"
746,6_22_dhn_1,1,0.0507483159383573,"[6, 22]"
747,6_27_dhn_109,109,0.0752626419325627,"[6, 27]"
748,6_29_34_53_54_55_dhn_1,1,0.0739043993488358,"[6, 29, 34, 53, 54, 55]"
749,6_34_54_55_dhn_1,1,0.0730055050233736,"[6, 34, 54, 55]"
750,6_7_11_12_16_19_20_22_30_60_69_70_dhn_1,1,0.130721429920973,"[6, 7, 11, 12, 16, 19, 20, 22, 30, 60, 69, 70]"
751,6_7_12_dhn_122,122,0.0962244602932819,"[6, 7, 12]"
752,6_7_27_29_dhn_109,109,0.1522066033295725,"[6, 7, 27, 29]"
753,6_7_27_dhn_109,109,0.0943796130433759,"[6, 7, 27]"
754,6_7_35_dhn_3,3,0.0326035282776378,"[6, 7, 35]"
755,6_7_8_12_43_44_dhn_122,122,0.1434004940516681,"[6, 7, 8, 12, 43, 44]"
756,6_7_8_17_18_19_33_34_35_40_53_59_dhn_3,3,0.0173038588971423,"[6, 7, 8, 17, 18, 19, 33, 34, 35, 40, 53, 59]"
757,6_7_8_17_18_33_dhn_3,3,0.1286749017552564,"[6, 7, 8, 17, 18, 33]"
758,6_7_8_22_50_56_dhn_1,1,0.0866014812733594,"[6, 7, 8, 22, 50, 56]"
759,6_7_8_dhn_3,3,0.0843251745365351,"[6, 7, 8]"
760,6_7_dhn_137,137,0.0265124739127524,"[6, 7]"
761,6_7_dhn_3,3,0.0804816932458132,"[6, 7]"
762,6_8_17_22_50_dhn_1,1,0.0532148311100432,"[6, 8, 17, 22, 50]"
763,6_8_29_34_50_53_54_55_dhn_1,1,0.0904451350101985,"[6, 8, 29, 34, 50, 53, 54, 55]"
764,6_8_34_45_50_56_dhn_1,1,0.084189659506814,"[6, 8, 34, 45, 50, 56]"
765,6_8_dhn_111,111,0.0852188499749065,"[6, 8]"
766,70_81_82_dhn_122,122,0.044156650293495,"[70, 81, 82]"
767,71_72_dhn_4,4,0.108096222360837,"[71, 72]"
768,71_74_dhn_122,122,0.0472879931887616,"[71, 74]"
769,72_73_79_86_dhn_122,122,0.0474468430465193,"[72, 73, 79, 86]"
770,74_75_76_dhn_4,4,0.0621056531760008,"[74, 75, 76]"
771,74_75_dhn_4,4,0.1160066555209619,"[74, 75]"
772,74_76_dhn_4,4,0.1834811073530079,"[74, 76]"
773,75_76_dhn_137,137,0.1869874149629623,"[75, 76]"
774,77_78_dhn_4,4,0.0735717664414304,"[77, 78]"
775,78_88_dhn_122,122,0.0200176515982479,"[78, 88]"
776,79_80_dhn_4,4,0.0238665308595869,"[79, 80]"
777,79_86_dhn_122,122,0.0752747653493629,"[79, 86]"
778,7_11_12_16_17_19_20_22_30_60_69_dhn_1,1,0.2233295222044522,"[7, 11, 12, 16, 17, 19, 20, 22, 30, 60, 69]"
779,7_11_12_60_dhn_4,4,0.0042500968702378,"[7, 11, 12, 60]"
780,7_11_12_dhn_4,4,0.0295902171290714,"[7, 11, 12]"
781,7_12_dhn_4,4,0.0527711545077065,"[7, 12]"
782,7_14_15_dhn_2,2,0.1417538799031409,"[7, 14, 15]"
783,7_14_dhn_2,2,0.0743907097767945,"[7, 14]"
784,7_15_dhn_2,2,0.1335764380862578,"[7, 15]"
785,7_17_18_22_36_38_44_62_dhn_1,1,0.1362343768717869,"[7, 17, 18, 22, 36, 38, 44, 62]"
786,7_17_22_dhn_1,1,0.1297524277226104,"[7, 17, 22]"
787,7_35_dhn_3,3,0.0432456949519565,"[7, 35]"
788,80_112_dhn_137,137,0.0346509725282914,"[80, 112]"
789,80_83_84_dhn_122,122,0.0178937759841868,"[80, 83, 84]"
790,81_82_dhn_122,122,0.0301844969383416,"[81, 82]"
791,83_100_101_dhn_137,137,0.0366038668453432,"[83, 100, 101]"
792,83_84_dhn_122,122,0.037769423119139,"[83, 84]"
793,85_89_dhn_4,4,0.0702721588872929,"[85, 89]"
794,8_10_14_15_16_19_20_21_27_28_34_35_41_42_46_47_57_58_61_62_63_64_65_77_78_81_85_89_90_91_dhn_4,4,0.0696016517603529,"[8, 10, 14, 15, 16, 19, 20, 21, 27, 28, 34, 35, 41, 42, 46, 47, 57, 58, 61, 62, 63, 64, 65, 77, 78, 81, 85, 89, 90, 91]"
795,8_10_14_15_16_19_21_46_47_61_77_78_dhn_4,4,0.0604103142232756,"[8, 10, 14, 15, 16, 19, 21, 46, 47, 61, 77, 78]"
796,8_10_19_20_21_27_28_34_35_41_42_57_58_61_65_77_78_81_85_89_90_91_dhn_4,4,0.0696588560923678,"[8, 10, 19, 20, 21, 27, 28, 34, 35, 41, 42, 57, 58, 61, 65, 77, 78, 81, 85, 89, 90, 91]"
797,8_10_21_34_35_57_61_65_77_78_dhn_4,4,0.0875791592168131,"[8, 10, 21, 34, 35, 57, 61, 65, 77, 78]"
798,8_10_21_34_35_57_61_81_dhn_4,4,0.1396730148121713,"[8, 10, 21, 34, 35, 57, 61, 81]"
799,8_10_21_41_57_58_61_81_dhn_4,4,0.1428800277043178,"[8, 10, 21, 41, 57, 58, 61, 81]"
800,8_10_21_57_58_61_77_85_89_dhn_4,4,0.1609767224266415,"[8, 10, 21, 57, 58, 61, 77, 85, 89]"
801,8_10_61_77_78_81_dhn_4,4,0.0979453481653349,"[8, 10, 61, 77, 78, 81]"
802,8_12_13_14_30_dhn_137,137,0.038605971584228,"[8, 12, 13, 14, 30]"
803,8_14_15_16_19_20_21_27_28_34_35_41_42_46_47_57_58_61_62_63_64_65_85_89_90_91_dhn_4,4,0.0853436698709754,"[8, 14, 15, 16, 19, 20, 21, 27, 28, 34, 35, 41, 42, 46, 47, 57, 58, 61, 62, 63, 64, 65, 85, 89, 90, 91]"
804,8_14_15_16_19_20_21_27_28_34_35_46_47_57_61_62_63_64_65_90_91_dhn_4,4,0.0861260283474173,"[8, 14, 15, 16, 19, 20, 21, 27, 28, 34, 35, 46, 47, 57, 61, 62, 63, 64, 65, 90, 91]"
805,8_14_15_16_19_20_21_27_28_34_35_46_47_57_61_62_63_64_90_91_dhn_4,4,0.0921115854298824,"[8, 14, 15, 16, 19, 20, 21, 27, 28, 34, 35, 46, 47, 57, 61, 62, 63, 64, 90, 91]"
806,8_14_15_16_19_20_21_27_28_46_47_61_62_63_64_90_91_dhn_4,4,0.0816426828952443,"[8, 14, 15, 16, 19, 20, 21, 27, 28, 46, 47, 61, 62, 63, 64, 90, 91]"
807,8_15_19_20_21_27_28_46_47_61_62_63_64_90_91_dhn_4,4,0.0583543818065603,"[8, 15, 19, 20, 21, 27, 28, 46, 47, 61, 62, 63, 64, 90, 91]"
808,8_17_18_19_33_34_40_53_59_dhn_3,3,0.0160017874825722,"[8, 17, 18, 19, 33, 34, 40, 53, 59]"
809,8_17_19_33_34_53_59_dhn_3,3,0.1400820821021513,"[8, 17, 19, 33, 34, 53, 59]"
810,8_17_19_33_53_dhn_3,3,0.1627146561274144,"[8, 17, 19, 33, 53]"
811,8_17_19_33_dhn_3,3,0.1353830950365686,"[8, 17, 19, 33]"
812,8_17_33_dhn_3,3,0.1257415994195395,"[8, 17, 33]"
813,8_19_20_21_27_28_34_35_41_42_57_58_61_65_85_89_90_91_dhn_4,4,0.0852885349355146,"[8, 19, 20, 21, 27, 28, 34, 35, 41, 42, 57, 58, 61, 65, 85, 89, 90, 91]"
814,8_19_20_21_27_28_61_90_91_dhn_4,4,0.0729708834310036,"[8, 19, 20, 21, 27, 28, 61, 90, 91]"
815,8_21_57_58_61_85_dhn_4,4,0.1340329663762627,"[8, 21, 57, 58, 61, 85]"
816,8_21_61_dhn_4,4,0.077956537854537,"[8, 21, 61]"
817,8_33_53_dhn_3,3,0.0888901024934005,"[8, 33, 53]"
818,8_43_44_dhn_122,122,0.1481463749408879,"[8, 43, 44]"
819,8_45_46_50_56_61_63_64_dhn_1,1,0.0123846691989164,"[8, 45, 46, 50, 56, 61, 63, 64]"
820,8_45_46_50_56_dhn_1,1,0.0258303522750167,"[8, 45, 46, 50, 56]"
821,8_45_50_56_61_63_64_dhn_1,1,0.0334254109952275,"[8, 45, 50, 56, 61, 63, 64]"
822,8_45_50_56_dhn_1,1,0.0432459850631263,"[8, 45, 50, 56]"
823,8_50_61_63_64_dhn_1,1,0.035764610884094,"[8, 50, 61, 63, 64]"
824,8_50_61_63_dhn_1,1,0.046183534884838,"[8, 50, 61, 63]"
825,8_50_61_64_dhn_1,1,0.0412090344958101,"[8, 50, 61, 64]"
826,8_50_61_dhn_1,1,0.0491011502725585,"[8, 50, 61]"
827,8_50_dhn_1,1,0.0383526926152013,"[8, 50]"
828,8_53_dhn_3,3,0.0255919287109797,"[8, 53]"
829,8_61_dhn_4,4,0.1081095065317405,"[8, 61]"
830,8_9_10_14_15_16_19_20_21_27_28_34_35_41_42_46_47_49_50_57_58_61_62_63_64_65_66_77_78_81_85_89_90_91_dhn_4,4,0.0137298480898085,"[8, 9, 10, 14, 15, 16, 19, 20, 21, 27, 28, 34, 35, 41, 42, 46, 47, 49, 50, 57, 58, 61, 62, 63, 64, 65, 66, 77, 78, 81, 85, 89, 90, 91]"
831,8_9_10_19_20_21_27_28_34_35_41_42_46_47_49_50_57_58_61_65_66_77_78_81_85_89_90_91_dhn_4,4,0.0166200049137367,"[8, 9, 10, 19, 20, 21, 27, 28, 34, 35, 41, 42, 46, 47, 49, 50, 57, 58, 61, 65, 66, 77, 78, 81, 85, 89, 90, 91]"
832,8_9_10_19_20_21_27_28_34_35_41_42_47_49_50_57_58_61_64_65_66_77_78_81_85_89_90_91_dhn_4,4,0.0164731395238258,"[8, 9, 10, 19, 20, 21, 27, 28, 34, 35, 41, 42, 47, 49, 50, 57, 58, 61, 64, 65, 66, 77, 78, 81, 85, 89, 90, 91]"
833,8_9_10_19_20_21_27_28_34_35_41_42_47_49_50_57_58_61_65_66_77_78_81_85_89_90_91_dhn_4,4,0.0166640513680947,"[8, 9, 10, 19, 20, 21, 27, 28, 34, 35, 41, 42, 47, 49, 50, 57, 58, 61, 65, 66, 77, 78, 81, 85, 89, 90, 91]"
834,8_9_10_19_20_21_27_28_34_35_41_42_49_50_57_58_61_65_66_77_78_81_85_89_90_91_dhn_4,4,0.0165004637438237,"[8, 9, 10, 19, 20, 21, 27, 28, 34, 35, 41, 42, 49, 50, 57, 58, 61, 65, 66, 77, 78, 81, 85, 89, 90, 91]"
835,8_9_10_21_34_35_41_42_49_50_57_58_61_65_66_77_78_81_85_89_dhn_4,4,0.018271354164899,"[8, 9, 10, 21, 34, 35, 41, 42, 49, 50, 57, 58, 61, 65, 66, 77, 78, 81, 85, 89]"
836,8_9_10_49_50_61_66_77_78_81_dhn_4,4,0.024707753748805,"[8, 9, 10, 49, 50, 61, 66, 77, 78, 81]"
837,8_9_10_49_50_66_77_78_81_dhn_4,4,0.020148258025919,"[8, 9, 10, 49, 50, 66, 77, 78, 81]"
838,8_9_10_77_78_dhn_4,4,0.0930760524198071,"[8, 9, 10, 77, 78]"
839,8_9_10_dhn_2,2,0.4636274895582247,"[8, 9, 10]"
840,8_9_15_dhn_109,109,0.0552561339935127,"[8, 9, 15]"
841,8_9_19_20_21_27_28_61_91_dhn_4,4,0.1582448970562054,"[8, 9, 19, 20, 21, 27, 28, 61, 91]"
842,8_9_21_dhn_2,2,0.3135061786036587,"[8, 9, 21]"
843,8_9_49_50_61_dhn_4,4,0.0643623178689723,"[8, 9, 49, 50, 61]"
844,8_9_dhn_2,2,0.4477791773065213,"[8, 9]"
845,91_113_dhn_137,137,0.044431472966734,"[91, 113]"
846,97_98_dhn_122,122,0.0280636986165065,"[97, 98]"
847,99_100_dhn_122,122,0.0187620147598345,"[99, 100]"
848,9_10_11_12_dhn_111,111,0.0794606335707599,"[9, 10, 11, 12]"
849,9_10_dhn_1,1,0.0118414567898151,"[9, 10]"
850,9_10_dhn_111,111,0.1693850102191917,"[9, 10]"
851,9_11_12_16_19_21_30_60_dhn_1,1,0.1785510806287345,"[9, 11, 12, 16, 19, 21, 30, 60]"
852,9_11_16_dhn_1,1,0.7083069173545913,"[9, 11, 16]"
853,9_15_dhn_109,109,0.0773375989574786,"[9, 15]"
854,9_49_50_66_dhn_4,4,0.0096805282908056,"[9, 49, 50, 66]"
855,9_49_66_dhn_4,4,0.0364054575986048,"[9, 49, 66]"
856,9_66_dhn_4,4,0.0862382763677585,"[9, 66]"
